id,Nome Completo,Sobrenome,Status,Data Entrevista,CPF,Whatsapp,Email,Estado,Cidade,Bairro,Profissão,Renda Mensal,Acredita em Deus,Estado Civil / Apoio da Esposa,O que entende por Maçonaria,Observações,Data ultima atualização,Responsável,Data inscrição,Loja indicada,Nome_Tratado,Telefone_Limpo,WhatsApp_Formatado
311,Joseby Pinheiro de Lima ,,Contato realizado,,788.030.392-87,(68) 99212-2120,josebysenac@gmail.com,AC,Bujari ,,Servidor público ,R$1.500-a-R$3.000,Sim,Não-sou-casado(a),Entendo que seja um grande grupo de pessoas as quais vivem para ajudar opróximo mas com discrição. Não sei o porquê mas ultimamente tenho pensado bastante em entrar para maçonaria. E agora estou pronto e gostaria muito de fazer parte deste seletivo grupo de bons cidadãos. Obrigado.,,2026-06-27 18:22:00,jediael@masonhub.com.br,2026-06-10,,Joseby Pinheiro De Lima,5568992122120,5568992122120
97,Francisco Marçal da Silva ,,Contato realizado,,008.078.802-56,(68) 99225-1345,franciscomarsaldasilva@gmail.com,AC,Rio Branco,,Pedreiro,R$3.001-a-R$6.000,Sim,Não-sou-casado(a),Não conheço sobre a marcenaria ,"entrei em contato, respondido as 3 perguntas",2026-06-30 14:45:00,jediael@masonhub.com.br,2026-06-10,,Francisco Marçal Da Silva,5568992251345,5568992251345
115,João Alencar filho saraiva ,,Contato realizado,,022.814.932-02,(68) 99949-2236,joaoalencarfilho103@gmail.com,AC,Sena  Madureira acre,,Diarista ,R$1.500-a-R$3.000,Sim,Não-sou-casado(a),"Eu entendo que trata-se de uma ordem, que prepara o indivíduo para algo maior ",,2026-06-27 18:19:00,jediael@masonhub.com.br,2026-06-10,,João Alencar Filho Saraiva,5568999492236,5568999492236
99,Genival Caetano Nunes ,,Contato realizado,,067.933.764-46,(82) 99938-9546,genivalcn@hotmail.com,AL,Arapiraca ,,Empresário,R$3.001-a-R$6.000,Sim,Casado(a).-Minha-esposa(o)-apóia.,Entendo que pra ser maçon tem que ter caráter e respeitar os irmãos independente da crença religiosa.,,2026-06-27 18:38:00,jediael@masonhub.com.br,2026-06-10,,Genival Caetano Nunes,5582999389546,5582999389546
94,Eduardo Gabriel Gomes da Silva,,Contato realizado,,141.750.524-96,(82) 99137-4885,eduardo369927@gmail.com,AL,Campo Alegre,,Jardineiro,R$1.500-a-R$3.000,Sim,Não-sou-casado(a),"Entendo a Maçonaria como uma fraternidade voltada ao desenvolvimento pessoal, moral e intelectual, baseada em princípios de respeito, união, ajuda ao próximo e evolução como homem e cidadão.",,2026-06-27 18:37:00,jediael@masonhub.com.br,2026-06-10,,Eduardo Gabriel Gomes Da Silva,5582991374885,5582991374885
48,Daniel Sabino dos Santos ,,Contato realizado,,121.499.414-81,(82) 98133-5371,danielsabino028@gmail.com,AL,Feira Grande ,,Pintor,R$1.500-a-R$3.000,Sim,Não-sou-casado(a),Não conheço mas pelo oque eu soube são uma irmandade que ajuda os irmãos ,,2026-06-27 18:37:00,jediael@masonhub.com.br,2026-06-10,,Daniel Sabino Dos Santos,5582981335371,5582981335371
114,Tatiane de souza silva ,,Contato realizado,,062.946.804-41,(82) 98898-6448,tatianesouza11@icloud.com,AL,Maceió ,,Encarregada de almoxarifado ,R$1.500-a-R$3.000,Sim,Não-sou-casado(a),Que pode mudar a minha vida ,,2026-06-27 18:43:00,jediael@masonhub.com.br,2026-06-10,,Tatiane De Souza Silva,5582988986448,5582988986448
128,Abel de Oliveira Costa Filho ,,Contato realizado,,436.946.082-49,(92) 99295-9772,abel_costajr@hotmail.com,AM,Manaus,,Professor ,R$6.001-a-R$10.000,Sim,Casado(a).-Minha-esposa(o)-apóia.,Maçonaria é uma irmandade para pessoas de bem,,2026-06-27 18:44:00,jediael@masonhub.com.br,2026-06-10,,Abel De Oliveira Costa Filho,5592992959772,5592992959772
377,Heliton da Silva falcão,Falcão,Contato realizado,,65332989253,92 99337-6898,helitonfalcao39@gmail.com,AP,manaus,jorge texeira,motorista de aplicativo,R$1.500-a-R$3.000,Sim,Não-sou-casado(a),Construir valores e apredizado,,2026-06-30 15:02:00,jediael@masonhub.com.br,2026-06-15,,Heliton Da Silva Falcão,5592993376898,5592993376898
239,Matheus dos santos alves ,,Contato realizado,,043.564.142-50,(96) 98100-5895,msantosth9@gmail.com,AP,Oiapoque ,,Autônomo ,R$1.500-a-R$3.000,Sim,Não-sou-casado(a),Nada,,2026-06-30 15:03:00,jediael@masonhub.com.br,2026-06-10,,Matheus Dos Santos Alves,5596981005895,5596981005895
352,Valdemar Custódio Calembe,Valdemar,Contato realizado,,valdemarcalembe2017@gmail.com,244921689171,valdemarcalembe2017@gmail.com,AP,valdemarcalembe2017@gmail.com,valdemarcalembe2017@gmail.com,valdemarcalembe2017@gmail.com,R$3.001-a-R$6.000,Sim,Casado(a).-Minha-esposa(o)-apóia.,Sociedade de irmãos que tem como  objetivo promover a união entre irmãos e a transformação interior,"Jedi: número de telefone incorreto

Laíse: Número não esta correto, encaminhei e-mail para lead. Aguardando rertorno.",2026-07-02 22:03:00,laise@masonhub.com.br,2026-06-12,,Valdemar Custódio Calembe,244921689171,244921689171
167,Andersonnsz,,Contato realizado,,109.209.255-29,(77) 99928-5939,anderson.gamerpda@gmail.com,BA,Brumado,Barra Branca,Empresário ,R$3.001-a-R$6.000,Sim,Não-sou-casado(a),"Entendo que é uma sociedade que preza pela evolução da consciência, que entrega virtudes e princípios para os irmãos, maçonaria pra mim significa conhecimento para mudar a si e assim mudar o mundo !",Gerson entrará em contato entre 02 e 03/07,2026-07-03 01:01:00,laise@masonhub.com.br,2026-06-10,,Andersonnsz,5577999285939,5577999285939
590,Wellington,Santana De Oliveira,Entrevista agendada,2026-07-23 13:00:00,01344515541,75 99145-8454,santanawellington2@gmail.com,BA,Cairu,ilha de boipeba,Eletricista,R$1.500-a-R$3.000,Sim,Casado(a).-Minha-esposa(o)-apóia.,"A maçonaria é uma organização fraternal iniciática que existe há séculos e reúne pessoas de diferentes profissões, crenças religiosas (desde que acreditem em um Ser Supremo, em muitas tradições) e origens. Seu objetivo declarado é promover o aperfeiçoamento moral, intelectual e filantrópico de seus membros e incentivar valores como liberdade, igualdade, fraternidade, justiça e tolerância.",,2026-07-21 01:50:00,gerson@masonhub.com.br,2026-07-09,,Wellington,5575991458454,5575991458454
255,Carlos Ferreira de Araújo ,,Contato realizado,,005.508.815-57,(71) 98318-9091,carlosferreiraaraujo510@gmail.com,BA,Camaçari BA ,Avenida Luiz Gonzaga (bairro pohc 2),Predeiro ,R$1.500-a-R$3.000,Sim,Não-sou-casado(a),Se maçom eu que eu sei sabedoria saber mais viver dentro amassou na loja maçom e sei de uma boa família ser honestidade é o que é mais importante falar e fazer tudo na hora certa e que o Mestre mandar tem que fazer aparecer o mestre primeiramente e eu acho que é isso,Gerson entrará em contato entre 02 e 03/07,2026-07-03 01:07:00,laise@masonhub.com.br,2026-06-10,,Carlos Ferreira De Araújo,5571983189091,5571983189091
288,Vitor Souza Alves ,,Contato realizado,,108.478.735-01,(75) 98502-671,,BA,Canarana ,,Agricultura ,R$3.001-a-R$6.000,Sim,Não-sou-casado(a),,Gerson entrará em contato enntre 02 e 03/07,2026-07-02 21:53:00,laise@masonhub.com.br,2026-06-10,,Vitor Souza Alves,557598502671,557598502671
608,Advan Oliveira de Jesus,Oliveira de Jesus,Contato realizado,,03404922522,75 98341-4489,advanoliveiradejesuso@gmail.com,BA,feira de santana,coceicao,maceneiro,R$1.500-a-R$3.000,Sim,Não-sou-casado(a),Transformar homens bom em excelente,,2026-07-21 00:14:00,gerson@masonhub.com.br,2026-07-16,,Advan Oliveira De Jesus,5575983414489,5575983414489
669,Advan Oliveira de Jesus,Oliveira de Jesus,Novo,,03404922522,75 98341-4489,advanoliveiradejesuso@gmail.com,BA,feira de santana,coceiçao,maceneiro,R$1.500-a-R$3.000,Sim,Não-sou-casado(a),Transforma homens bom em excelente.,,2026-08-03 14:05:00,masonhub.app@gmail.com,2026-08-03,,Advan Oliveira De Jesus,5575983414489,5575983414489
605,Jomario,Otero Souza,Aprovado 1 Fase,2026-07-21 13:00:00,06441519518,75 98826-4368,jhberlim@gmail.com,BA,feira de santana,Santo Antonio do Prazeres,Motorista,R$1.500-a-R$3.000,Sim,Casado(a).-Minha-esposa(o)-apóia.,"Uma Organização onde se Reúnem homens, para se aperfeiçoar e trazer para sociedade modos de condutas que refletem exemplos e legados",,2026-07-21 15:53:00,gerson@masonhub.com.br,2026-07-15,,Jomario,5575988264368,5575988264368
357,Rony Martins,Martins,Novo,,94774706515,77 99978-9894,rony.martins@gmail.com,BA,guanambi,centro,advogado.,R$6.001-a-R$10.000,Sim,Casado(a).-Minha-esposa(o)-apóia.,É uma sociedade secreta que seus membros se  ajudam mutuamente.,,2026-06-12 17:48:00,masonhub.app@gmail.com,2026-06-12,,Rony Martins,5577999789894,5577999789894
347,AVELINO FERREIRA NASCIMENTO,AVELINO FERREIRA NASCIMENTO,Novo,,avelinocolnago@gmail.com,77981172343,avelinocolnago@gmail.com,BA,Guanambi,Renascer,avelinocolnago@gmail.com,R$1.500-a-R$3.000,Sim,Não-sou-casado(a),Lapidação,,2026-06-12 12:08:00,masonhub.app@gmail.com,2026-06-12,,Avelino Ferreira Nascimento,5577981172343,5577981172343
229,Avelino Ferreira Nascimento ,,Novo,,053.668.726-93,(77) 98117-2343,avelinocolnago@gmail.com,BA,Guanambi ,,Terapeuta ,R$1.500-a-R$3.000,Sim,Não-sou-casado(a),Uma oficina de homens ,,2026-06-10 14:43:00,masonhub.app@gmail.com,2026-06-10,,Avelino Ferreira Nascimento,5577981172343,5577981172343
110,Fabio Santos mendonça ,,Novo,,026.995.055-95,(73) 99155-8429,fabiosantosmendonca0@gmail.com,BA,Itabuna,,Instalador,R$1.500-a-R$3.000,Sim,Não-sou-casado(a),"A maçonaria e uma irmandade que busca ensinar valores como respeito, disciplina, conhecimento e ajudar ao próximo,usando símbolos e tradição antigas ",,2026-06-10 14:43:00,masonhub.app@gmail.com,2026-06-10,,Fabio Santos Mendonça,5573991558429,5573991558429
58,Cristiano feitosa ,,Novo,,042.942.745-06,(73) 98807-3792,criskiko577@gmail.com,BA,Itacaré ,,Asogueirro,R$3.001-a-R$6.000,Sim,Não-sou-casado(a),Quero conhecer a realidade ,,2026-06-10 14:43:00,masonhub.app@gmail.com,2026-06-10,,Cristiano Feitosa,5573988073792,5573988073792
308,Antônio Inocêncio Neto ,,Novo,,074.370.743-54,(74) 99935-5451,antonioinocencio0508@gmail.com,BA,Juazeiro ,,Tratorista agrícola ,R$1.500-a-R$3.000,Sim,Casado(a).-Minha-esposa(o)-não-apóia.,Crescimento espiritual e moral com respeito ao próximo ,,2026-06-10 14:43:00,masonhub.app@gmail.com,2026-06-10,,Antônio Inocêncio Neto,5574999355451,5574999355451
548,José Carlos,Santana de frança,Novo,,02522529501,061 99695-8409,2025josefranca@gmail.com,BA,luiz eduardo magalhaes,florais leia,mestre de obra,R$3.001-a-R$6.000,Sim,Casado(a).-Minha-esposa(o)-apóia.,"Não conheço muito, mais sei que homens bons",,2026-07-01 15:07:00,masonhub.app@gmail.com,2026-07-01,,José Carlos,5561996958409,5561996958409
165,Popo,,Novo,,753.678.765-54,(54) 98653-2566,popo@gmail.com,BA,Macae,,Dentista,R$3.001-a-R$6.000,Não,Não-sou-casado(a),,,2026-06-10 14:43:00,masonhub.app@gmail.com,2026-06-10,,Popo,5554986532566,5554986532566
134,Pedro vieira,,Novo,,010.663.925-01,(71) 98450-8801,salatieldinho@gmail.com,BA,Salvador,,,R$3.001-a-R$6.000,Sim,Não-sou-casado(a),Nome: Pedro de Souza Vieira,,2026-06-10 14:43:00,masonhub.app@gmail.com,2026-06-10,,Pedro Vieira,5571984508801,5571984508801
693,Rafael Santos,Rafael Santos,Novo,,03898484505,71 98260-1837,rafaelrafaniw@gmail.com,BA,salvador,pernambues,zelador,R$1.500-a-R$3.000,Sim,Não-sou-casado(a),Uma fraternidade que auxilia homens a ter uma visão melhor sobre o conhecimento,,2026-08-20 22:32:00,masonhub.app@gmail.com,2026-08-20,,Rafael Santos,5571982601837,5571982601837
360,Genaldo,Dos santos Cardoso,Novo,,06971149530,71 99131-3349,genaldodossantos@gmail.com,BA,salvador,vila canaria,Empresario,R$3.001-a-R$6.000,Sim,Casado(a).-Minha-esposa(o)-apóia.,Estudo a alguns anos sobre a ordem.,,2026-06-13 03:44:00,masonhub.app@gmail.com,2026-06-13,,Genaldo,5571991313349,5571991313349
703,Luke,Gallo,Novo,,42329443897,11 93388-6616,lukemarenda@gmail.com,BA,Salvador.,Imbui,Autonomo,R$1.500-a-R$3.000,Sim,Não-sou-casado(a),"O que sei da Maçonaria vem de pesquisa e de conversas com entes queridos. Meu avô, já falecido, era maçom, e passei a me interessar de verdade quando me contaram a história dele. Entendo que é uma ordem fraternal antiga, que usa os símbolos dos antigos para ensinar princípios morais, e que a ideia central é o homem trabalhar em si mesmo e lapidar o próprio caráter ao longo da vida, junto de outros homens que buscam a mesma coisa. Tenho consciência de que sei pouco, e é justamente por isso que estou aqui.",,2026-09-03 19:51:00,masonhub.app@gmail.com,2026-09-03,,Luke,5511933886616,5511933886616
213,Flávio francelino custodio de andrade ,,Novo,,256.559.338-45,(74) 98112-5080,flaviofandrade129@gmail.com,BA,Senhor do Bonfim ,,Comerciante ,R$3.001-a-R$6.000,Sim,Casado(a).-Minha-esposa(o)-apóia.,Um local onde aprendemos uma filosofia de vida ,,2026-06-10 14:43:00,masonhub.app@gmail.com,2026-06-10,,Flávio Francelino Custodio De Andrade,5574981125080,5574981125080
395,Aesio Santana,Aesio Santana,Novo,,04546428570,71 98186-0184,aesiosantana117@gmail.com,BA,serrinha,csu,motorista,R$1.500-a-R$3.000,Sim,Não-sou-casado(a),Fraternidade,,2026-06-16 13:31:00,masonhub.app@gmail.com,2026-06-16,,Aesio Santana,5571981860184,5571981860184
385,Aesio Santana,Aesio Santana,Novo,,94546428570,71 98186-0184,aesiosantana117@gmail.com,BA,serrinha,csu,motorista,R$1.500-a-R$3.000,Sim,Não-sou-casado(a),Lealdade fidelidade,,2026-06-16 00:36:00,masonhub.app@gmail.com,2026-06-16,,Aesio Santana,5571981860184,5571981860184
448,KAUE BOMFIM SANTOS,KAUE BOMFIM SANTOS,Novo,,fxxamominhamae@gmail.com,73 98106-5850,fxxamominhamae@gmail.com,BA,ubaitaba,ruinha,lutador,R$1.500-a-R$3.000,Sim,Não-sou-casado(a),Acredito que a maçonaria seja um meio de aproveitamos a vida em quanto ah tempo e de nós reeducar de verdade e eu estou disposto a fazer parte do processo,,2026-06-22 09:45:00,masonhub.app@gmail.com,2026-06-22,,Kaue Bomfim Santos,5573981065850,5573981065850
332,Antonio José Alves Brandão,Antonio José Alves Brandão,Novo,,brandaopecas7@yahoo.com.br,85996375363,brandaopecas7@yahoo.com.br,CE,brandaopecas7@yahoo.com.br,brandaopecas7@yahoo.com.br,brandaopecas7@yahoo.com.br,Acima-de-R$10.000,Sim,Casado(a).-Minha-esposa(o)-apóia.,Um grupo de pessoas que não negociam carater,,2026-06-10 18:52:00,masonhub.app@gmail.com,2026-06-10,,Antonio José Alves Brandão,5585996375363,5585996375363
276,Laudiemerson Pires da silva ,,Novo,,063.090.023-09,(88) 99689-2047,laudiemersonjlpires@gmail.com,CE,Brejo santo ,,Autônomo ,R$3.001-a-R$6.000,Sim,Casado(a).-Minha-esposa(o)-apóia.,Uma doutrina de homens que transformam pessoas para servirem o proximo,,2026-06-10 14:43:00,masonhub.app@gmail.com,2026-06-10,,Laudiemerson Pires Da Silva,5588996892047,5588996892047
628,Francisco,Vidal,Novo,,02113248336,85 99741-9388,vidal.mendes@myyahoo.com,CE,fortaleza,barra do ceara,Empresario autonomo,R$3.001-a-R$6.000,Sim,Casado(a).-Minha-esposa(o)-apóia.,Grande comunidade fraterna que busca o aperfeiçoamento pessoal e social regido pelo Grande Arquiteto do Universo.,,2026-07-24 18:16:00,masonhub.app@gmail.com,2026-07-24,,Francisco,5585997419388,5585997419388
603,Gleidson medeiros,Gleidson medeiros,Contato realizado,,527.740.903-34,85 99245-6759,Gleidsonmedeiros00@gmail.com,CE,Fortaleza,jose Walter,aposentado,R$1.500-a-R$3.000,Sim,Não-sou-casado(a),Nada,,2026-07-21 00:50:00,gerson@masonhub.com.br,2026-07-13,,Gleidson Medeiros,5585992456759,5585992456759
672,Adaildo,Carvalho Gomes,Novo,,522.996.000353,85 99180-4835,adaildocarvalho84@gmail.com,CE,Fortaleza,Praia do.Futuro,Auxiliar Administrativo,R$3.001-a-R$6.000,Sim,Casado(a).-Minha-esposa(o)-apóia.,Por maçonaria entendo que são homens sábio!,,2026-08-03 22:08:00,masonhub.app@gmail.com,2026-08-03,,Adaildo,5585991804835,5585991804835
269,Antonio José Alves Brandão ,,Novo,,797.378.973-15,(85) 99637-5363,brandaopecas7@yahoo.com.br,CE,Fortaleza ,,Autônomo ,Acima-de-R$10.000,Sim,Casado(a).-Minha-esposa(o)-apóia.,Só entendo que  ai se faz homem com caráter de verdade ,,2026-06-10 14:43:00,masonhub.app@gmail.com,2026-06-10,,Antonio José Alves Brandão,5585996375363,5585996375363
98,Francisco Augusto Souza da Silva ,,Novo,,002.202.413-17,(85) 99287-2742,agustocassia2020@gmail.com,CE,Fortaleza ,,Pintor automotivo ,R$3.001-a-R$6.000,Sim,Não-sou-casado(a),Pouco,,2026-06-10 14:43:00,masonhub.app@gmail.com,2026-06-10,,Francisco Augusto Souza Da Silva,5585992872742,5585992872742
569,Francisco das Chagas de Sousa,Sousa,Novo,,60057100365,88 99623-8004,franciscosousasousa7352@gmail.com,CE,marco ceara,projetada 07 salinas,franciscosousasousa7352@gmail.com,R$1.500-a-R$3.000,Sim,Não-sou-casado(a),Não sei muito mais sei que de pessoas seria,,2026-07-04 22:48:00,masonhub.app@gmail.com,2026-07-04,,Francisco Das Chagas De Sousa,5588996238004,5588996238004
433,José Mariano,Garcia,Novo,,04348853398,55779 91953-021,marianoze5235@gmail.com,CE,ribeirão do largo,baixada,roça,R$1.500-a-R$3.000,Sim,Casado(a).-Minha-esposa(o)-apóia.,Entendo de tudo,,2026-06-18 23:56:00,masonhub.app@gmail.com,2026-06-18,,José Mariano,5577991953021,5577991953021
23,Francisco Mendes,,Novo,,055.694.283-30,(88) 99443-6697,mendesjr2025@gmail.com,CE,Sobral,,Autônomo no ramo automotivo ,R$3.001-a-R$6.000,Sim,Não-sou-casado(a),Eu entendo que a maçonaria é uma grande família no qual vem a ajudar todos os membros o lugar de muito harmonia tranquilidade paz e aprendizado que eu acredito que ficou muita tradições de antigamente reservadas muito conhecimento importante e eu queria muito aprender fazer parte dessa família,,2026-06-10 14:43:00,masonhub.app@gmail.com,2026-06-10,,Francisco Mendes,5588994436697,5588994436697
45,Laed Jander Correia Silveira ,,Novo,,070.445.655-90,(61) 98286-5271,laedjander123@gmail.com,DF,Guará ,,motorista ,R$3.001-a-R$6.000,Sim,Não-sou-casado(a),,,2026-06-10 14:43:00,masonhub.app@gmail.com,2026-06-10,,Laed Jander Correia Silveira,5561982865271,5561982865271
589,Henrrique Alves da silva,Alves,Contato realizado,,01315665638,61 98141-0687,henriquealves4923@hotmail.com,DF,riacho fundo 2,riacho fundo 2,transportador,R$3.001-a-R$6.000,Sim,Não-sou-casado(a),Sociedade secreta de homens livres e de boms costumes,,2026-07-21 01:30:00,gerson@masonhub.com.br,2026-07-08,,Henrrique Alves Da Silva,5561981410687,5561981410687
629,Marcel,Figueiredo dos Santos,Novo,,79582052287,61 98156-1341,marcelfigueiredo784@gmail.com,DF,taguatinga,norte,vigilante,R$1.500-a-R$3.000,Sim,Casado(a).-Minha-esposa(o)-apóia.,Pouco,,2026-07-24 20:43:00,masonhub.app@gmail.com,2026-07-24,,Marcel,5561981561341,5561981561341
635,alexsandro Francisco,sousa,Novo,,08827741747,27 99626-1501,alexsandrofranciscosousa@gmail.com,ES,baixo guandu,santa monica,motorista carreteiro,R$3.001-a-R$6.000,Sim,Casado(a).-Minha-esposa(o)-apóia.,"Sociedade, que presa pelo amor ao próximo, e melhorar as pessoas com conhecimento, respeito e com regras",,2026-07-26 22:20:00,masonhub.app@gmail.com,2026-07-26,,Alexsandro Francisco,5527996261501,5527996261501
320,Joviano fantoni dias ,,Novo,,095.178.917-17,(27) 99526-2056,tonyblase@hotmail.com,ES,Baixo Guandu ,,Instrutor de auto escola ,R$1.500-a-R$3.000,Sim,Casado(a).-Minha-esposa(o)-apóia.,Entendo que ajuda a nos tornar melhores como ser humano ,,2026-06-10 14:43:00,masonhub.app@gmail.com,2026-06-10,,Joviano Fantoni Dias,5527995262056,5527995262056
47,Jefferson Douglas Gonçalves ,,Novo,,099.377.977-80,(27) 99848-3121,jeffbenicio@27gmail.com,ES,Colatina,,Operador de máquinas pesadas,R$3.001-a-R$6.000,Sim,Não-sou-casado(a),,,2026-06-10 14:43:00,masonhub.app@gmail.com,2026-06-10,,Jefferson Douglas Gonçalves,5527998483121,5527998483121
598,Adineiwotkoski,Wotkoski,Contato realizado,,adwotkoski@gmail.com,27 99810-5524,adwotkoski@gmail.com,ES,colatina,honorio fraga,adwotkoski@gmail.com,R$1.500-a-R$3.000,Sim,Casado(a).-Minha-esposa(o)-apóia.,Aprendizado,,2026-07-21 01:00:00,gerson@masonhub.com.br,2026-07-12,,Adineiwotkoski,5527998105524,5527998105524
207,Danilo Barbosa,,Novo,,190.558.917-46,(27) 99618-6678,danilobarbosasilva923@gmail.com,ES,Ecoporanga ,,TEC.veterinario Supervisor de campo,R$1.500-a-R$3.000,Sim,Não-sou-casado(a),Um grupo de homens que querem ser melhor ,,2026-06-10 14:43:00,masonhub.app@gmail.com,2026-06-10,,Danilo Barbosa,5527996186678,5527996186678
63,Anderson Moraes,,Novo,,107.347.727-42,(28) 99967-2322,amoraesf@gmail.com,ES,Espírito Santo ,,Coordenador offshore,Acima-de-R$10.000,Sim,Casado(a).-Minha-esposa(o)-apóia.,"A Maçonaria é uma organização fraternal e filosófica, de caráter discreto, que busca o desenvolvimento moral, intelectual e espiritual de seus membros.",,2026-06-10 14:43:00,masonhub.app@gmail.com,2026-06-10,,Anderson Moraes,5528999672322,5528999672322
267,jairo Gomes de souza,,Novo,,061.664.887-18,(33) 99950-6576,jairogom.souza@gmail.com,ES,laginha,,agricultor,R$1.500-a-R$3.000,Sim,Casado(a).-Minha-esposa(o)-apóia.,ensina ser uma pessoa melhor prospera,,2026-06-10 14:43:00,masonhub.app@gmail.com,2026-06-10,,Jairo Gomes De Souza,5533999506576,5533999506576
148,Leonardo Duarte de Souza ,,Novo,,059.153.377-40,(27) 99719-5899,leonardoduartesouza89@gmail.com,ES,Linhares,,Supervisor operacional ,R$3.001-a-R$6.000,Sim,Casado(a).-Minha-esposa(o)-apóia.,E o caminho da compreensão da vida e leis do nosso arquiteto do universo e ajuda sempre ao próximo ,,2026-06-10 14:43:00,masonhub.app@gmail.com,2026-06-10,,Leonardo Duarte De Souza,5527997195899,5527997195899
455,Patrick Barbosa araujo,Patrick Barbosa araujo,Novo,,patrickaraujo733@gmail.com,27 99807-3790,patrickaraujo733@gmail.com,ES,linhares,SantaCruz,operador de máquinas,R$1.500-a-R$3.000,Sim,Não-sou-casado(a),Eu entendo que a Marçonaria é uma comunidade que luta pelos princípios e direitos e também te transforma em uma nova pessoa que abandona os abtos antigos para se tornar uma pessoa melhor.,,2026-06-24 17:40:00,masonhub.app@gmail.com,2026-06-24,,Patrick Barbosa Araujo,5527998073790,5527998073790
667,jairo gomes souza,gomes,Novo,,06166488718,33 99950-6576,jairogom.souza@gmail.com,ES,pancas espirito santo,centro,jairogom.souza@gmail.com,R$1.500-a-R$3.000,Sim,Casado(a).-Minha-esposa(o)-apóia.,faz pessoas ser mais aberta pros ensinamentos conhecimentos fundamentos das coisas,,2026-08-03 11:51:00,masonhub.app@gmail.com,2026-08-03,,Jairo Gomes Souza,5533999506576,5533999506576
317,Walison Hell,,Novo,,145.139.257-52,(27) 99638-8643,hellwalison@gmail.com,ES,São Gabriel da palha ,,Pedreiro e agricultor ,R$6.001-a-R$10.000,Sim,Não-sou-casado(a),Sempre ouvi falar mas não tenho conhecimento a fundo...,,2026-06-10 14:43:00,masonhub.app@gmail.com,2026-06-10,,Walison Hell,5527996388643,5527996388643
660,Rainer Ferreira,Ferreira,Novo,,16650136727,27 99829-1564,rainer.f.n@hotmail.com,ES,serra,são marcos@,agente de seguranca privada,R$6.001-a-R$10.000,Sim,Casado(a).-Minha-esposa(o)-apóia.,Fraternidade,,2026-08-01 11:55:00,masonhub.app@gmail.com,2026-08-01,,Rainer Ferreira,5527998291564,5527998291564
277,Igor Silva Santos ,,Novo,,061.323.927-00,(27) 99623-9422,igorsil2060@gmail.com,ES,Serra ,,Motorista carreteiro ,R$3.001-a-R$6.000,Sim,Não-sou-casado(a),Se tornar pessoa melhor cada dia ‘Homem de valor e princípios caráter ,,2026-06-10 14:43:00,masonhub.app@gmail.com,2026-06-10,,Igor Silva Santos,5527996239422,5527996239422
677,MARCELO TRINDADE AMORIM,MARCELO TRINDADE AMORIM,Novo,,00975377728,27 99981-9180,amorim.vix@gmail.com,ES,Vila Velha,Araças,Comandante Marinha Mercante,Acima-de-R$10.000,Sim,Casado(a).-Minha-esposa(o)-apóia.,"Entendo que a Maçonaria é uma instituição fraternal, filosófica e iniciática que busca o aperfeiçoamento moral e intelectual do homem, incentivando valores como ética, respeito, fraternidade, tolerância, liberdade de consciência e responsabilidade perante a sociedade. Vejo também como um espaço de aprendizado e reflexão, onde cada membro é estimulado a trabalhar sobre si mesmo, corrigindo suas imperfeições e procurando tornar-se uma pessoa melhor para sua família e para a sociedade. Tenho consciência de que meu conhecimento ainda é limitado e acredito que a verdadeira compreensão da Maçonaria será construída por meio do estudo, da convivência e dos ensinamentos que poderei receber durantes as reuniões caso tenha a oportunidade de ingressar na Ordem.",,2026-08-09 00:44:00,masonhub.app@gmail.com,2026-08-09,,Marcelo Trindade Amorim,5527999819180,5527999819180
112,Joelson varejao da costa junior ,,Novo,,163.442.617-73,(27) 99245-2813,joelsonjunio777@gmail.comb,ES,Vitória ,,Técnico em telecomunicações ,R$3.001-a-R$6.000,Sim,Casado(a).-Minha-esposa(o)-não-apóia.,"Irmao de fraternidade onde um irmão ajuda o outro, te trás clareza entendimento e te aperfeiçoar. ",,2026-06-10 14:43:00,masonhub.app@gmail.com,2026-06-10,,Joelson Varejao Da Costa Junior,5527992452813,5527992452813
87,Ozeias de Paula Lopes Silva ,,Novo,,133.875.867-26,(61) 98230-5444,lopessilva2027@gmail.com,GO,Águas Lindas De GoiÁs,,Pintor ,R$1.500-a-R$3.000,Sim,Casado(a).-Minha-esposa(o)-apóia.,"Ela busca o aperfeiçoamento moral e intelectual de seus membros (maçons), promovendo valores como liberdade, igualdade e fraternidade.",,2026-06-10 14:43:00,masonhub.app@gmail.com,2026-06-10,,Ozeias De Paula Lopes Silva,5561982305444,5561982305444
145,Ozeias Lopes,,Novo,,132.875.867-26,(61) 98230-5444,lopessilva2027@gmail.com,GO,Águas lindas de Goiás ,,Pintor ,R$1.500-a-R$3.000,Sim,Casado(a).-Minha-esposa(o)-apóia.,,,2026-06-10 14:43:00,masonhub.app@gmail.com,2026-06-10,,Ozeias Lopes,5561982305444,5561982305444
397,Ozeias,Silva,Novo,,lopessilva2027@gmail.com,61 98230-5444,lopessilva2027@gmail.com,GO,aguas lindas de goias GO,serto 3,lopessilva2027@gmail.com,R$1.500-a-R$3.000,Sim,Casado(a).-Minha-esposa(o)-apóia.,Ter conhecimento,,2026-06-16 16:15:00,masonhub.app@gmail.com,2026-06-16,,Ozeias,5561982305444,5561982305444
292,Sidney Silva Carvalho ,,Novo,,598.211.911-34,(62) 99324-3242,sidneycarvalho7@gmail.com,GO,Aparecida de Goiânia ,,Motorista de carreta ,R$3.001-a-R$6.000,Sim,Casado(a).-Minha-esposa(o)-apóia.,Uma fraternidade de conhecimentos e de homens com caráter acima de tudo com responsabilidades e que acredita em uma irmandade maior onde pode chegar até o ápice da evolução humana.,,2026-06-10 14:43:00,masonhub.app@gmail.com,2026-06-10,,Sidney Silva Carvalho,5562993243242,5562993243242
219,Cleverson Dias da Silva ,,Novo,,859.662.151-20,(62) 99800-9936,,GO,Aparecida de Goiânia ,,Técnico ,R$3.001-a-R$6.000,Sim,Não-sou-casado(a),Maçonaria é uma organização de pessoas de caráter ,,2026-06-10 14:43:00,masonhub.app@gmail.com,2026-06-10,,Cleverson Dias Da Silva,5562998009936,5562998009936
54,joao paulo sabino santana,,Novo,,000.002.141-59,(64) 99234-3515,jpss64@hotmail.com,GO,bom jesus ,,empresario,Acima-de-R$10.000,Sim,Casado(a).-Minha-esposa(o)-apóia.,BOM DIA AMIGOS IRMAOS... ,,2026-06-10 14:43:00,masonhub.app@gmail.com,2026-06-10,,Joao Paulo Sabino Santana,5564992343515,5564992343515
224,Raul Teles silva ,,Novo,,702.821.971-25,(64) 99241-2486,Haizenberg580@gmail.com,GO,CRISTIANÓPOLIS,,Motorista,R$1.500-a-R$3.000,Sim,Casado(a).-Minha-esposa(o)-apóia.,Aprendizado e evolução ,,2026-06-10 14:43:00,masonhub.app@gmail.com,2026-06-10,,Raul Teles Silva,5564992412486,5564992412486
343,Denis,do Carmo,Novo,,794.876.102-00,62998092994,grupoddocarmo@gmail.com,GO,Goiania,Residencial Fortville,Lider de logística - conferente,R$1.500-a-R$3.000,Sim,Casado(a).-Minha-esposa(o)-apóia.,"Vivo uma vida de armonia, sempre me encantei com a filosofia de liberdade e igualmente e respeito pela humanidade._x000D_
Gostaria de me tornar um maçom, porque quero está ligado nos ensinamentos e sabedoria milenar da fraternidade.",,2026-06-12 00:11:00,masonhub.app@gmail.com,2026-06-12,,Denis,5562998092994,5562998092994
561,Daniel,Fernandes,Novo,,77837860144,62 98423-9556,danielfern.brastemp@gmail.com,GO,goiania,vila sao luiz,dri.jafra@gmail.com,R$1.500-a-R$3.000,Sim,Casado(a).-Minha-esposa(o)-apóia.,Cultura mais antiga . Talvez a fundação do mundo,,2026-07-04 01:06:00,masonhub.app@gmail.com,2026-07-04,,Daniel,5562984239556,5562984239556
694,Wesley,Sena,Novo,,senawesley046@gmail.com,66 99264-5241,senawesley046@gmail.com,GO,Goiânia,setor sul,motoboy,R$1.500-a-R$3.000,Sim,Não-sou-casado(a),Instituição que ensina valores Respeito e dignidade,,2026-08-24 01:18:00,masonhub.app@gmail.com,2026-08-24,,Wesley,5566992645241,5566992645241
179,Gledison Silva Serra ,,Novo,,025.483.672-07,(62) 99196-7399,gledisonsilvasilva26@gmail.com,GO,Goiânia ,,Montador de Móveis ,R$1.500-a-R$3.000,Sim,Casado(a).-Minha-esposa(o)-apóia.,"Uma Sociedade, de homens que Almeijam um futuro melhor e unidos por uma melhoria.",,2026-06-10 14:43:00,masonhub.app@gmail.com,2026-06-10,,Gledison Silva Serra,5562991967399,5562991967399
16,diorgenes oliveira soares ,,Novo,,010.333.391-64,(62) 99495-9161,diorgenesadivinha@gmail.com,GO,Goiânia ,,Empresário ,R$6.001-a-R$10.000,Sim,Casado(a).-Minha-esposa(o)-apóia.,Conhecimento ,,2026-06-10 14:43:00,masonhub.app@gmail.com,2026-06-10,,Diorgenes Oliveira Soares,5562994959161,5562994959161
181,Rodrigo Carvalho Bailão,,Novo,,022.964.421-02,(62) 99400-8892,rd1_@live.com,GO,Goianira,,Empresário ,Acima-de-R$10.000,Sim,Casado(a).-Minha-esposa(o)-apóia.,Já fiz vários estudos me aprofundei no assunto e quero conhecer mais ,,2026-06-10 14:43:00,masonhub.app@gmail.com,2026-06-10,,Rodrigo Carvalho Bailão,5562994008892,5562994008892
257, Neriel Freitas rodrigues,,Novo,,038.516.531-57,(62) 98427-0333,nerielfr@gmail.com,GO,Guaraita,,Pedreiro,R$3.001-a-R$6.000,Sim,Casado(a).-Minha-esposa(o)-apóia.,Um grupo dedicado a melhoria do ser humano ,,2026-06-10 14:43:00,masonhub.app@gmail.com,2026-06-10,,Neriel Freitas Rodrigues,5562984270333,5562984270333
37,Carlos Alexandre costa farias ,,Novo,,085.730.292-26,(64) 99280-2545,carlosalexandrecostafarias641@gmail.com,GO,Itumbiara ,,Operando de máquina pesada ,R$1.500-a-R$3.000,Sim,Casado(a).-Minha-esposa(o)-não-apóia.,Quero ter uma chance na vida ,,2026-06-10 14:43:00,masonhub.app@gmail.com,2026-06-10,,Carlos Alexandre Costa Farias,5564992802545,5564992802545
251,Hélio gomes Pereira ,,Novo,,924.359.551-20,(64) 99987-4912,helliogomes84@gmai.com,GO,Jataí Goiás ,,Operador de máquinas agrícola ,R$3.001-a-R$6.000,Sim,Casado(a).-Minha-esposa(o)-apóia.,,,2026-06-10 14:43:00,masonhub.app@gmail.com,2026-06-10,,Hélio Gomes Pereira,5564999874912,5564999874912
597,Jefferson,Souza Mendes,Contato realizado,,76827083168,'+55 64 98114-9132,jefferson.souzamen@gmail.com,GO,jefferson.souzamen@gmail.com,jefferson.souzamen@gmail.com,autonomo,R$6.001-a-R$10.000,Sim,Não-sou-casado(a),"Para mim a maçonaria e uma instituição filosófica e filantrópica que transforma homem bons e pessoas melhores._x000D_
Isso já vem se dizendo em todas as redes sociais,para mim uma comunidade um auto grau de desenvolvimento do senhor humano",,2026-07-21 01:06:00,gerson@masonhub.com.br,2026-07-12,,Jefferson,5564981149132,5564981149132
172,aldo antonio silveira,,Novo,,410.199.461-72,(61) 93500-8947,aldoantonio.silveira@gmail.com,GO,Luziânia,,Auxiliar Jurídico ,R$1.500-a-R$3.000,Sim,Casado(a).-Minha-esposa(o)-apóia.,"A Maçonaria é uma organização fraternal, secular, filosófica e filantrópica, cuja origem moderna remonta aos séculos XVII e XVIII, evoluindo das antigas corporações de pedreiros e construtores de catedrais da Idade Média. Embora suas raízes sejam frequentemente associadas à tradição dos ""antigos deveres"" dos obreiros, a maçonaria atual se define principalmente como um sistema de moralidade velado por alegorias e ilustrado por símbolos.",,2026-06-10 14:43:00,masonhub.app@gmail.com,2026-06-10,,Aldo Antonio Silveira,5561935008947,5561935008947
30,Evaldo Aparecido Rodrigues,,Novo,,546.628.421-15,(61) 99344-9277,evaldor079@gmail.com,GO,Luziânia ,,Tec. Em eletrônica ,R$1.500-a-R$3.000,Sim,Não-sou-casado(a),"Para mim, a Maçonaria é uma sociedade fraternal baseada em princípios como a busca pela verdade, a prática da caridade e o respeito às leis. Entendo que é um espaço de união entre homens que compartilham valores morais elevados e que desejam contribuir para o progresso da humanidade.",,2026-06-10 14:43:00,masonhub.app@gmail.com,2026-06-10,,Evaldo Aparecido Rodrigues,5561993449277,5561993449277
40,Rodrigo simone dos santos,,Novo,,041.057.281-05,(64) 99998-3347,rodrigosimonedossantos94@gmail.com,GO,Montividiu,,Caminhoneiro ,R$6.001-a-R$10.000,Sim,Casado(a).-Minha-esposa(o)-apóia.,Que vocês e muito unidos ,,2026-06-10 14:43:00,masonhub.app@gmail.com,2026-06-10,,Rodrigo Simone Dos Santos,5564999983347,5564999983347
268,Robson Antônio dos Santos ,,Novo,,015.096.051-42,(64) 99285-5152,robson.rapnacional@bol.com.br,GO,Montividiu ,,Pintor ,R$3.001-a-R$6.000,Sim,Casado(a).-Minha-esposa(o)-apóia.,Irmandade fraternidade ,,2026-06-10 14:43:00,masonhub.app@gmail.com,2026-06-10,,Robson Antônio Dos Santos,5564992855152,5564992855152
579,Wedson,Tiburcio,Contato realizado,,70447975129,62 99884-4868,wedsontiburciodossantos@gmail.com,GO,nova crixas,vale do araguai,correto autonomo,R$3.001-a-R$6.000,Sim,Não-sou-casado(a),Muito pouco,,2026-07-21 21:53:00,gerson@masonhub.com.br,2026-07-05,,Wedson,5562998844868,5562998844868
578,WEDSON TIBURCIO DOS SANTOS,WEDSON TIBURCIO DOS SANTOS,Novo,,70447975129,62 99884-4868,wedsontiburciodossantos@gmail.com,GO,nova crixas,vale do araguaia,correto autonomo,R$3.001-a-R$6.000,Sim,Não-sou-casado(a),Eu entendo que todos os irmãos são um só que a maçonaria tem vários ensinamentos q eu admiro,,2026-07-05 17:11:00,masonhub.app@gmail.com,2026-07-05,,Wedson Tiburcio Dos Santos,5562998844868,5562998844868
254,Thiago Kenede da silveira ,,Novo,,016.009.931-50,(62) 98223-2487,tkenede@outlook.com,GO,Trindade ,,Carreteiro ,R$6.001-a-R$10.000,Sim,Não-sou-casado(a),Uma irmandade q realmente se enporta uns com outros assim formando uma corrente em pro do nosso criador ,,2026-06-10 14:43:00,masonhub.app@gmail.com,2026-06-10,,Thiago Kenede Da Silveira,5562982232487,5562982232487
36,Gleydson santos rodrigues,,Novo,,615.955.133-70,(61) 99288-2875,boborodrigues@gmail.com,GO,Val paraiso,,Mecanico,R$6.001-a-R$10.000,Sim,Não-sou-casado(a),Irmãdade igualdade lealdade ,,2026-06-10 14:43:00,masonhub.app@gmail.com,2026-06-10,,Gleydson Santos Rodrigues,5561992882875,5561992882875
220,Ezequias pereira costa,,Novo,,610.633.323-89,(98) 98503-0718,ezequiascosta114@gmail.com,MA,Bequimao ,,Empresário ,Acima-de-R$10.000,Sim,Casado(a).-Minha-esposa(o)-apóia.,Irmandade fraternidade e igualdade ,,2026-06-10 14:43:00,masonhub.app@gmail.com,2026-06-10,,Ezequias Pereira Costa,5598985030718,5598985030718
71,Leonardo Gonçalves ,,Novo,,088.866.263-71,(98) 98535-7155,leonardogoncalves02222@gmail.com,MA,Carutapera ,,Empresário ,R$3.001-a-R$6.000,Sim,Não-sou-casado(a),Quer entender melhor ,,2026-06-10 14:43:00,masonhub.app@gmail.com,2026-06-10,,Leonardo Gonçalves,5598985357155,5598985357155
372,Leonay,Fahd,Novo,,06466913333,98 99130-2126,leonay.com79@gmail.com,MA,pio 12,centro,autonomo,R$3.001-a-R$6.000,Não,Não-sou-casado(a),Ainda não entendo nada,,2026-06-14 18:54:00,masonhub.app@gmail.com,2026-06-14,,Leonay,5598991302126,5598991302126
413,Fernando,Alves,Novo,,854.001.143-31,98 98139-2898,fe8i997@gmail.com,MA,Santa Inês,conhab,pedreiro,R$1.500-a-R$3.000,Sim,Casado(a).-Minha-esposa(o)-apóia.,Uma irmandade fraternal que está comunhão seus membros  e crescendo em sabedoria espiritual e estrutural,,2026-06-17 14:59:00,masonhub.app@gmail.com,2026-06-17,,Fernando,5598981392898,5598981392898
285,Marcus Vinicius,,Novo,,627.038.303-00,(98) 98409-2616,vinimarquinhos096@gmail.com,MA,São luis,,Fiscal de prevenção ,R$1.500-a-R$3.000,Sim,Casado(a).-Minha-esposa(o)-apóia.,Eu desejo entrar pra buscar minha evolução enquanto homem e me tornar um homem de valor ,,2026-06-10 14:43:00,masonhub.app@gmail.com,2026-06-10,,Marcus Vinicius,5598984092616,5598984092616
623,Alan David,Léda,Novo,,02980643327,98 97024-7846,nightwolf88enzo@gmail.com,MA,São Luis,divineia olho d'gua,eventos em geral,R$1.500-a-R$3.000,Sim,Casado(a).-Minha-esposa(o)-apóia.,"Ordem justa, nós mostra como ser pessoas melhor, homens de carácter de princípios, homens sábios, nos ensina a verdade e como devemos assim viver a vida de maneira horrorosa!",,2026-07-23 00:08:00,masonhub.app@gmail.com,2026-07-23,,Alan David,5598970247846,5598970247846
272,Geilson Pereira Pacheco ,,Novo,,622.079.313-74,(98) 98747-1374,geilsonpacheco77@gmail.com,MA,São Luís ,,Empreendedor ,R$3.001-a-R$6.000,Sim,Casado(a).-Minha-esposa(o)-apóia.,Evolução pessoal e amor ao próximo ,,2026-06-10 14:43:00,masonhub.app@gmail.com,2026-06-10,,Geilson Pereira Pacheco,5598987471374,5598987471374
576,Jackson Douglas,Costa,Entrevista agendada,2026-07-25 13:00:00,013.773.813-74,98 98864-7255,vidrartcar.32@gmail.com,MA,SãoJoséderibamar,residencialterralivre,autônomo,R$1.500-a-R$3.000,Sim,Casado(a).-Minha-esposa(o)-apóia.,Acho a maçonaria muito bom e gostaria de participar e mim.torna um maço,,2026-07-21 20:36:00,gerson@masonhub.com.br,2026-07-05,,Jackson Douglas,5598988647255,5598988647255
173,José Quitério ferreira da Silva ,,Novo,,902.617.554-04,(37) 99866-8692,alaskajosepa@gmail.com,MG,Arcos ,,Vendedor ,R$3.001-a-R$6.000,Sim,Não-sou-casado(a),Construção de homens melhores e um mundo melhor !!,,2026-06-10 14:43:00,masonhub.app@gmail.com,2026-06-10,,José Quitério Ferreira Da Silva,5537998668692,5537998668692
258,Frederico Cesar Seabra Ribeiro ,,Novo,,034.513.446-02,(31) 93500-5900,fredseabraribeiro@gmail.com,MG,Belo Horizonte,,,R$3.001-a-R$6.000,Sim,Não-sou-casado(a),,,2026-06-10 14:43:00,masonhub.app@gmail.com,2026-06-10,,Frederico Cesar Seabra Ribeiro,5531935005900,5531935005900
171,william adriano pio,,Novo,,012.911.976-80,(31) 98294-3909,williambhpio@gmail.com,MG,belo horizonte,,coordenador,R$3.001-a-R$6.000,Sim,Casado(a).-Minha-esposa(o)-apóia.,"ENTENDO QUE EUMASOCIEDADE FRATERNAL, FILOSOFILOSOFICA E FILANTROPICA. SEU PRINCIPAL OBJETIVO É O DESENVOLVIMENTO MORAL, INTELECTUAL E SOCIAL DE SEUS MEMBROS, EXIGINDO QUEACREDITEM EM UM SER SUPREMO, EMBORA NÃOSEJA UMARELIGIAO",,2026-06-10 14:43:00,masonhub.app@gmail.com,2026-06-10,,William Adriano Pio,5531982943909,5531982943909
278,Sérgio Mendonça de Paula ,,Novo,,004.852.206-60,(31) 98434-0956,mendoncasergio844@gmail.com,MG,Belo Horizonte ,,Pedreiro ,R$3.001-a-R$6.000,Sim,Não-sou-casado(a),Que é uma  organização de homem de valor e bem  sussedidos,,2026-06-10 14:43:00,masonhub.app@gmail.com,2026-06-10,,Sérgio Mendonça De Paula,5531984340956,5531984340956
192,Valder Marciano Alves ,,Novo,,042.436.676-25,(31) 92005-5116,valderalves@outlook.com,MG,Belo Horizonte ,,Engenheiro mecânico ,R$6.001-a-R$10.000,Sim,Casado(a).-Minha-esposa(o)-apóia.,"Para mim, a Maçonaria é muito mais que uma instituição, é uma escola iniciática de aperfeiçoamento moral, filosófico e espiritual. Após duas décadas trilhando os caminhos da Ordem, compreendo que ser maçom é lapidar diariamente a pedra bruta do próprio caráter, buscando a verdadeira luz através da sabedoria, da tolerância, da justiça e da fraternidade.",,2026-06-10 14:43:00,masonhub.app@gmail.com,2026-06-10,,Valder Marciano Alves,5531920055116,5531920055116
183,Ronan oliveira Lucindo ,,Novo,,061.927.276-78,(31) 98640-5874,ronanvega73@gmail.com,MG,Belo Horizonte ,,Instrutor academia ,R$1.500-a-R$3.000,Sim,Casado(a).-Minha-esposa(o)-apóia.,Não entendo mas quero conhecer ,,2026-06-10 14:43:00,masonhub.app@gmail.com,2026-06-10,,Ronan Oliveira Lucindo,5531986405874,5531986405874
176,Thales Henrique Proença de Sousa,,Novo,,083.708.256-05,(35) 99953-0969,thales188@hotmail.com,MG,Belo Horizonte ,,Engenheiro Producao,Acima-de-R$10.000,Sim,Casado(a).-Minha-esposa(o)-apóia.,"Entendo a Maçonaria como uma fraternidade baseada em princípios de ética, respeito, desenvolvimento pessoal e ajuda ao próximo. Vejo também como uma instituição que valoriza a família, a discrição, o conhecimento e a construção de uma sociedade melhor através de pessoas comprometidas com bons valores e evolução constante.",,2026-06-10 14:43:00,masonhub.app@gmail.com,2026-06-10,,Thales Henrique Proença De Sousa,5535999530969,5535999530969
302,William Junio Fonseca,,Novo,,088.482.536-10,(31) 98263-0527,williamjuniofonseca12345@gmail.com,MG,Betim ,,Mecânico ,R$1.500-a-R$3.000,Sim,Casado(a).-Minha-esposa(o)-apóia.,Tenho muito vontade ser  ,,2026-06-10 14:43:00,masonhub.app@gmail.com,2026-06-10,,William Junio Fonseca,5531982630527,5531982630527
648,Gabriel,Alvares,Novo,,70067232132,62 98216-3232,gabrielalvaresdealencar264@gmail.com,MG,bom jesus do araguai,setor aeroporto,estudante,R$1.500-a-R$3.000,Sim,Não-sou-casado(a),"Bom , eu entendo , q vcs preparam homens para o futuro, fazem os homens serem melhores para a família ...",,2026-07-30 00:48:00,masonhub.app@gmail.com,2026-07-30,,Gabriel,5562982163232,5562982163232
280,Elias Timóteo Gomes ,,Novo,,121.554.136-88,(33) 99902-3300,eliasgomestimoteo@gmail.com,MG,Coluna,,Agricultor pecuarista ,R$3.001-a-R$6.000,Sim,Não-sou-casado(a),"A necessidade de se encontrar de provar, pedras no caminho q pessoas lhe impôs, colegas falsos q vc não pode confiar, e a acima de tudo provar que vc é capaz",,2026-06-10 14:43:00,masonhub.app@gmail.com,2026-06-10,,Elias Timóteo Gomes,5533999023300,5533999023300
120,Daniel pires de sousa,,Novo,,182.788.836-96,(11) 95686-2165,matheuspinheiro2233@gmail.com,MG,Coluna,,Agriculo,R$1.500-a-R$3.000,Sim,Não-sou-casado(a),"O basico, filosofia,dedicasão,transformação, mudança de vida, melhorar como pessoa etc...",,2026-06-10 14:43:00,masonhub.app@gmail.com,2026-06-10,,Daniel Pires De Sousa,5511956862165,5511956862165
304,Caio Anselmo ,,Novo,,107.295.136-37,(31) 98119-2734,caioritmo@outlook.com,MG,Contagem ,,Empresário ,R$3.001-a-R$6.000,Sim,Não-sou-casado(a),"Entendo que a maçonaria é uma instituição baseada na fraternidade, lealdade, respeito e união entre pessoas que buscam crescimento pessoal e contribuir positivamente para a sociedade.",,2026-06-10 14:43:00,masonhub.app@gmail.com,2026-06-10,,Caio Anselmo,5531981192734,5531981192734
588,Acyr,Gomes,Entrevista agendada,2026-07-25 16:30:00,acyrgomes62@gmail.com,65 99920-4526,acyrgomes62@gmail.com,MG,Cuiaba,Bosque da saude,acyrgomes62@gmail.com,R$6.001-a-R$10.000,Sim,Casado(a).-Minha-esposa(o)-apóia.,Para adquirir conhecimentos.,,2026-07-21 02:21:00,gerson@masonhub.com.br,2026-07-08,,Acyr,5565999204526,5565999204526
459,Sheila,Cristina,Contato realizado,,06137150127,65 99615-8800,sheilachula1607@gmail.com,MG,cuiaba,jardim das palmeiras,Motoboy,R$3.001-a-R$6.000,Sim,Não-sou-casado(a),"Não entendo muito bem da religião, ouvi dizer que ajudam uns aos outros de forma com o que, cresçam na espiritualidade e financeiras, acredito que não seja somente para homens ou estou enganada, acredito que tudo é fé e crença, espero um dia pode ter esse previlégio em conhecer._x000D_
Estou muito mal financeiramente, pessima na vdd, preciso de ajuda",,2026-07-28 19:04:00,gerson@masonhub.com.br,2026-06-25,,Sheila,5565996158800,5565996158800
305,Daniel Henrique Vargas Diniz ,,Novo,,092.772.526-69,(38) 99914-3697,contato.danielvargasbatera@gmail.com,MG,Curvelo ,,Músico ,R$1.500-a-R$3.000,Sim,Não-sou-casado(a),Adquirir conhecimento ,,2026-06-10 14:43:00,masonhub.app@gmail.com,2026-06-10,,Daniel Henrique Vargas Diniz,5538999143697,5538999143697
68,Brunes claudino da Silva ,,Novo,,100.489.966-10,(33) 98408-8583,brunesclaudinobc@gmail.com,MG,Engenheiro caldas ,,Trabalho na roça ,R$3.001-a-R$6.000,Sim,Não-sou-casado(a),Tenho vontade de conhecer o que é maconaria,,2026-06-10 14:43:00,masonhub.app@gmail.com,2026-06-10,,Brunes Claudino Da Silva,5533984088583,5533984088583
223,Wellington Carlos de Oliveira ,,Novo,,110.887.696-08,(37) 99825-1952,tomwc7213@gmail.com,MG,Formiga ,,Pintor e lavador ,R$3.001-a-R$6.000,Sim,Não-sou-casado(a),Igualdade 🫡,,2026-06-10 14:43:00,masonhub.app@gmail.com,2026-06-10,,Wellington Carlos De Oliveira,5537998251952,5537998251952
126,Edmar Lourenço Martins Souza ,,Novo,,086.697.006-11,(38) 99874-3025,jesussouzaedmar@gmail.com,MG,Grão mogol ou montes claros ,,Socorrista samu,R$3.001-a-R$6.000,Sim,Não-sou-casado(a),Bom não tenho um perfil verdadeiro doq e maçonaria só oq ouço mas prefiro conhecer de perto ,,2026-06-10 14:43:00,masonhub.app@gmail.com,2026-06-10,,Edmar Lourenço Martins Souza,5538998743025,5538998743025
31,Ronaldo Adriano da Silva,,Novo,,055.494.439-10,(19) 99976-7652,ronaldosilva170387@icloud.com,MG,Ijaci,,Administrativo ,R$6.001-a-R$10.000,Sim,Casado(a).-Minha-esposa(o)-apóia.,,,2026-06-10 14:43:00,masonhub.app@gmail.com,2026-06-10,,Ronaldo Adriano Da Silva,5519999767652,5519999767652
17,Uildison Cândido de Oliveira,,Reprovado,,960.828.366-34,(31) 99984-9510,uildisoncanoli@yahoo.com.br,MG,Ipatinga,,Engenheiro mecânico ,R$6.001-a-R$10.000,Sim,Casado(a).-Minha-esposa(o)-apóia.,Sociedade que lapida homens ,Sem interesse em continuar.,2026-06-30 18:15:00,laise@masonhub.com.br,2026-06-10,,Uildison Cândido De Oliveira,5531999849510,5531999849510
391,Celson,Peroti de Alcântara,Novo,,71545638268,66 99677-1449,peroticelson@gmail.com,MG,juina,modulo 5,operado de maquina,R$3.001-a-R$6.000,Sim,Não-sou-casado(a),Não sei de nada sobre masonaria mais eu quero con,,2026-06-16 10:51:00,masonhub.app@gmail.com,2026-06-16,,Celson,5566996771449,5566996771449
384,Celson,Peroti de Alcântara,Novo,,peroticelson@gmail.com,66 99677-1449,peroticelson@gmail.com,MG,juina,mudulo 6 rua lorena,peroticelson@gmail.com,R$3.001-a-R$6.000,Sim,Não-sou-casado(a),"Não entendo nada _x000D_
Mais eh quero ser um Mason",,2026-06-16 00:35:00,masonhub.app@gmail.com,2026-06-16,,Celson,5566996771449,5566996771449
72,Jhonatan dos santos Costa,,Novo,,137.969.466-31,(32) 99164-6165,jhonatandossantoscosta46@gmail.com,MG,Juiz de Fora,,Açougueiro ,R$1.500-a-R$3.000,Sim,Não-sou-casado(a),"Uma ""ordem "" grupo onde pessoa consegue construir caratê e prosperidade , com prática e crença em bom costume ",,2026-06-10 14:43:00,masonhub.app@gmail.com,2026-06-10,,Jhonatan Dos Santos Costa,5532991646165,5532991646165
236,José Adriano Antunes de Souza ,,Novo,,118.596.466-54,(38) 99831-8101,adrianoantunesacs@gmail.com,MG,Lontra ,,Autônomo ,R$3.001-a-R$6.000,Sim,Casado(a).-Minha-esposa(o)-apóia.,,,2026-06-10 14:43:00,masonhub.app@gmail.com,2026-06-10,,José Adriano Antunes De Souza,5538998318101,5538998318101
290,Diego Henrique Correa Matias gonçalve,,Novo,,116.366.066-36,(31) 98228-5329,diegomatiascorrea31@gmail.com,MG,Matozinhos,,Líder de pintura indústria e inspetor nível 1 de pintura ,R$3.001-a-R$6.000,Sim,Casado(a).-Minha-esposa(o)-apóia.,"Bom pelo que pesquisei e uma comunidade que visa valores,que visa o crescimento interior antes do exterior. ",,2026-06-10 14:43:00,masonhub.app@gmail.com,2026-06-10,,Diego Henrique Correa Matias Gonçalve,5531982285329,5531982285329
328,Ângelo Candido de Morais,,Novo,,081.048.866-30,(38) 99146-0671,angelomorais10@gmail.com,MG,Montes claros,,Empresario,R$3.001-a-R$6.000,Sim,Casado(a).-Minha-esposa(o)-não-apóia.,Entendo que um dos objetivos principal no meu ver e a formação de homens de caráter criando uma sociedade forte em todos os setores mesmo que não for aceito respeito e sigo os padrões da maçonaria pois me identifico com eles ,,2026-06-10 14:43:00,masonhub.app@gmail.com,2026-06-10,,Ângelo Candido De Morais,5538991460671,5538991460671
175,Alex Sandro Santos Dias ,,Novo,,040.672.656-62,(38) 99237-7256,bozoalen@gmail.com,MG,Montes claros ,,Gari,R$1.500-a-R$3.000,Sim,Casado(a).-Minha-esposa(o)-apóia.,Eu entendo pouca coisa Marçonaria não é religião ,,2026-06-10 14:43:00,masonhub.app@gmail.com,2026-06-10,,Alex Sandro Santos Dias,5538992377256,5538992377256
157,Marcus vinicios Batista Mendes ,,Novo,,103.299.546-79,(32) 99848-1068,,MG,Muriaé ,,Motorista de aplicativo ,R$1.500-a-R$3.000,Sim,Casado(a).-Minha-esposa(o)-não-apóia.,Tudo que imagino saber é uma sociedade que se apoia de verdade,,2026-06-10 14:43:00,masonhub.app@gmail.com,2026-06-10,,Marcus Vinicios Batista Mendes,5532998481068,5532998481068
144,Tiago de jesus pessoa ,,Novo,,092.834.886-53,(37) 99938-5444,tiagojesusns@gmail.com,MG,Nova serrana ,,Sapateiro,R$1.500-a-R$3.000,Sim,Não-sou-casado(a),"Pelo pouco que eu procurei saber, é uma loja que procura construir homens de bem, e for a pessoas íntegras ",,2026-06-10 14:43:00,masonhub.app@gmail.com,2026-06-10,,Tiago De Jesus Pessoa,5537999385444,5537999385444
96,Marcos Luiz Simon filho ,,Novo,,188.548.886-64,(33) 98460-2742,simon14filho@gmail.com,MG,Padre paraíso,,Produtor rural,R$3.001-a-R$6.000,Sim,Não-sou-casado(a),Lealdade aos irmãos ,,2026-06-10 14:43:00,masonhub.app@gmail.com,2026-06-10,,Marcos Luiz Simon Filho,5533984602742,5533984602742
88,Lucas Alexandre ,,Novo,,169.424.234-08,(31) 99858-0825,lucasmtamta@gmail.com,MG,Pará de Minas ,,Tratorista ,R$1.500-a-R$3.000,Sim,Casado(a).-Minha-esposa(o)-apóia.,A maçonaria torna homens de caráter responsabilidades é respeito. Assim lapidando cada um que se tornar irmão.,,2026-06-10 14:43:00,masonhub.app@gmail.com,2026-06-10,,Lucas Alexandre,5531998580825,5531998580825
42,Osvaldo Henrique Silveira,,Novo,,062.630.316-89,(31) 99860-1004,osvaldimhenrique@gmail.com,MG,Paraopeba,,Motorista ,R$3.001-a-R$6.000,Sim,Casado(a).-Minha-esposa(o)-apóia.,,,2026-06-10 14:43:00,masonhub.app@gmail.com,2026-06-10,,Osvaldo Henrique Silveira,5531998601004,5531998601004
312,Douglas ramos de barros,,Novo,,128.464.716-14,(35) 99740-5031,ramosdouglas895@gmail.com,MG,Passos,,Socorrista ,R$1.500-a-R$3.000,Sim,Não-sou-casado(a),"Grupo de homens que faz o bem, acredito que deve esconder muitos segredos que vai além da bíblia ",,2026-06-10 14:43:00,masonhub.app@gmail.com,2026-06-10,,Douglas Ramos De Barros,5535997405031,5535997405031
22,Bruno Costa Souza ,,Novo,,089.092.356-67,(35) 99146-2394,brunocostta2811@gmail.com,MG,PASSOS,,Agente funerária ,R$1.500-a-R$3.000,Sim,Não-sou-casado(a),,,2026-06-10 14:43:00,masonhub.app@gmail.com,2026-06-10,,Bruno Costa Souza,5535991462394,5535991462394
271,Jonathas George de Oliveira ,,Novo,,075.056.216-10,(35) 99937-8351,jonathasjorge10@gmail.com,MG,Passos ,,Vendedor ,R$1.500-a-R$3.000,Sim,Casado(a).-Minha-esposa(o)-apóia.,Entendo que e uma ordem uma irmandade que prática e atua em muitas áreas tudo em prol de um desenvolvimento tanto espírito como social ,,2026-06-10 14:43:00,masonhub.app@gmail.com,2026-06-10,,Jonathas George De Oliveira,5535999378351,5535999378351
333,Bruno,Alves Alagoano,Novo,,88694542234,66999880479,dr.brunoalagoano@gmail.com,MG,primavera do leste,centro@,dentista,Acima-de-R$10.000,Sim,Casado(a).-Minha-esposa(o)-apóia.,"Sociedade secreta, que contribui com ações sociais filantrópicas e para melhoramento do homem",,2026-06-11 00:29:00,masonhub.app@gmail.com,2026-06-11,,Bruno,5566999880479,5566999880479
682,Kesley,Rosa Lacerda,Novo,,05104950107,66 99631-8815,kesleu@gmail.com,MG,Rondonópolis,Sagrada Família,Topógrafo,R$3.001-a-R$6.000,Sim,Casado(a).-Minha-esposa(o)-apóia.,Tenho nível básico de conhecimento sobre como funcionam as lojas de verdade.,,2026-08-12 15:01:00,masonhub.app@gmail.com,2026-08-12,,Kesley,5566996318815,5566996318815
283,Igor L C Melgaço ,,Novo,,086.995.176-96,(31) 99992-7220,igorluiz.melgaco@gmail.com,MG,Sete Lagoas ,,Motorista carreta cegonha ,Acima-de-R$10.000,Sim,Casado(a).-Minha-esposa(o)-apóia.,"A Maçonaria é uma organização fraternal e filosófica que existe há séculos. Ela não é uma religião, mas reúne pessoas de diferentes crenças que compartilham valores como ética, aperfeiçoamento pessoal, solidariedade, liberdade, igualdade e fraternidade.",,2026-06-10 14:43:00,masonhub.app@gmail.com,2026-06-10,,Igor L C Melgaço,5531999927220,5531999927220
697,José Roberto,Camargo silva,Novo,,09557576146,65 99337-5757,jrcamargosantosilva@gmail.com,MG,tangara da serra,buritis 1,autonomo@,R$3.001-a-R$6.000,Sim,Não-sou-casado(a),Eu queria muito conhecer a maçonaria porque eu acho muito legal e interessante sobre a união e os estudos que dão,,2026-08-28 15:40:00,masonhub.app@gmail.com,2026-08-28,,José Roberto,5565993375757,5565993375757
673,José Roberto,Camargo silva,Novo,,09557576146,65 99337-5757,jrcamargosantosilva@gmail.com,MG,tangara da serra,Buritis 1,autonomo,R$3.001-a-R$6.000,Sim,Não-sou-casado(a),Eu acho muito legal a união da maçonaria e queria saber como eu faço para mim se ingressar nela,,2026-08-04 23:59:00,masonhub.app@gmail.com,2026-08-04,,José Roberto,5565993375757,5565993375757
66,David Andrade,,Novo,,074.523.086-54,(34) 99738-2965,davi30lu@gmail.com,MG,Uberaba,,Empresario,Acima-de-R$10.000,Sim,Casado(a).-Minha-esposa(o)-apóia.,Uma irmandade des dos tempos ,,2026-06-10 14:43:00,masonhub.app@gmail.com,2026-06-10,,David Andrade,5534997382965,5534997382965
235,Cleyton José dos Santos ,,Novo,,013.044.991-11,(34) 99805-4600,cleytonjose102@gmail.com,MG,Uberlândia ,,Técnico em segurança do trabalho ,R$3.001-a-R$6.000,Sim,Casado(a).-Minha-esposa(o)-apóia.,Só sei que ajuda pessoas ,,2026-06-10 14:43:00,masonhub.app@gmail.com,2026-06-10,,Cleyton José Dos Santos,5534998054600,5534998054600
201,Maxsuel Oliveira da Cruz ,,Novo,,108.796.546-27,(34) 99831-5832,sethoescolhido@gmail.com,MG,Uberlândia ,,Trader ,R$1.500-a-R$3.000,Sim,Não-sou-casado(a),"Sei que é uma fraternidade focada no desenvolvimento do ser humano na sociedade e como individual focada nos valores tradicionais e cristão, gostaria de aprender maís ",,2026-06-10 14:43:00,masonhub.app@gmail.com,2026-06-10,,Maxsuel Oliveira Da Cruz,5534998315832,5534998315832
127,Emanuel Claudio de Sousa Lopes ,,Novo,,107.038.634-01,(34) 99909-4947,claudiosousa.lopes2022@gmail.com,MG,Uberlândia Minas gerais ,,Empresário ,R$1.500-a-R$3.000,Sim,Casado(a).-Minha-esposa(o)-apóia.,Maçonaria vou ser um eterno aprendiz cada dia eu serei uma pessoa nova ,,2026-06-10 14:43:00,masonhub.app@gmail.com,2026-06-10,,Emanuel Claudio De Sousa Lopes,5534999094947,5534999094947
246,Dalmi Alves Siqueira ,,Novo,,306.199.551-04,(38) 99900-9954,dalmisad@gmail.com,MG,Unai,,Motorista/ hoje produtor rural. ,R$3.001-a-R$6.000,Sim,Não-sou-casado(a),,,2026-06-10 14:43:00,masonhub.app@gmail.com,2026-06-10,,Dalmi Alves Siqueira,5538999009954,5538999009954
44,Thiago sato da silva ,,Novo,,023.497.001-43,(67) 99237-4223,satothiagojp@gmail.com,MS,Bonito ,,Empresário ,Acima-de-R$10.000,Sim,Não-sou-casado(a),Compartilhar conhecimento ,,2026-06-10 14:43:00,masonhub.app@gmail.com,2026-06-10,,Thiago Sato Da Silva,5567992374223,5567992374223
286,CLODOALDO BENITES GONCALVES,,Novo,,035.117.341-26,(67) 99197-5444,dodogoncalves30@gmail.com,MS,CAARAPO,,Vendedor,R$1.500-a-R$3.000,Sim,Casado(a).-Minha-esposa(o)-apóia.,"Uma ordem , onde se respeita família e irmãos.",,2026-06-10 14:43:00,masonhub.app@gmail.com,2026-06-10,,Clodoaldo Benites Goncalves,5567991975444,5567991975444
123,Johnlee da silva ojeda,,Novo,,735.623.511-00,(67) 99145-2245,johnleeojeda929@gmail.com,MS,Campo Grande,,Empresário na área da contratação civil ,R$3.001-a-R$6.000,Sim,Casado(a).-Minha-esposa(o)-apóia.,"Entendo a Maçonaria como uma escola de aperfeiçoamento moral, intelectual e espiritual, voltada à formação de homens de caráter, honra e responsabilidade perante a família, a sociedade e a própria consciência. Vejo na Maçonaria um caminho de disciplina, fraternidade, sabedoria e busca constante pela evolução pessoal.",,2026-06-10 14:43:00,masonhub.app@gmail.com,2026-06-10,,Johnlee Da Silva Ojeda,5567991452245,5567991452245
549,Kenedy,Soares Rodrigues,Novo,,kenedyrodrigueslubk@gmail.com,67 98476-5960,kenedyrodrigueslubk@gmail.com,MS,campo grande,aero rancho,kenedyrodrigueslubk@gmail.com,R$3.001-a-R$6.000,Sim,Não-sou-casado(a),"Bom dia queridos e amados irmãos, já sou irmão no Grau 4 do Rito escocês , mas no momento estou sem loja , e me cadastrei aqui para talvez ser um caminho mais fácil para uma nova loja e potência",,2026-07-01 16:32:00,masonhub.app@gmail.com,2026-07-01,,Kenedy,5567984765960,5567984765960
551,sergio,sergio costa,Novo,,08589005488,67 99126-8129,sergiomusicooficial@icloud.com,MS,Chapadão do Sul,Esplanada IV,Gestão de Frotas,R$1.500-a-R$3.000,Sim,Casado(a).-Minha-esposa(o)-apóia.,"Desejo ingressar na Maçonaria porque acredito em seus princípios de fraternidade, moral e aperfeiçoamento pessoal. Meu principal objetivo é crescer como ser humano e contribuir de forma significativa para ajudar o próximo, praticando a solidariedade, o respeito e o bem em benefício da sociedade.",,2026-07-02 01:07:00,masonhub.app@gmail.com,2026-07-02,,Sergio,5567991268129,5567991268129
168,Paulo sesar paré ,,Novo,,069.629.378-14,(67) 99602-6497,paulopare321@gmail.com,MS,chapadao do sul ,,jornalista/radialista ,R$3.001-a-R$6.000,Sim,Casado(a).-Minha-esposa(o)-apóia.,a melhoria como ser humano ,,2026-06-10 14:43:00,masonhub.app@gmail.com,2026-06-10,,Paulo Sesar Paré,5567996026497,5567996026497
442,Dener Alves,Dener Alves,Novo,,04973756130,64 99931-1676,deneralves211@gmail.com,MS,chapadaodoSul,centro,eletricista.automotivo,R$3.001-a-R$6.000,Sim,Não-sou-casado(a),Nada ainda,,2026-06-21 15:34:00,masonhub.app@gmail.com,2026-06-21,,Dener Alves,5564999311676,5564999311676
309,Luiz Aparecido Damasceno ,,Novo,,170.288.608-50,(67) 99942-9994,damasceno.lider@hotmail.com,MS,Costa Rica ,,Encarregado de Logística ,R$6.001-a-R$10.000,Sim,Casado(a).-Minha-esposa(o)-apóia.,"Que é crescimento constante,  mudanças de hábitos. Amor fraternal. A busca pela melhoria sempre.",,2026-06-10 14:43:00,masonhub.app@gmail.com,2026-06-10,,Luiz Aparecido Damasceno,5567999429994,5567999429994
294,Fernando Diego Vozniak ,,Novo,,009.975.939-03,(47) 99100-7168,fernandogessy@gmail.com,MS,Dourados,,Autonomo,R$1.500-a-R$3.000,Sim,Casado(a).-Minha-esposa(o)-apóia.,Homens de valores e conhecimento e dignidade ,,2026-06-10 14:43:00,masonhub.app@gmail.com,2026-06-10,,Fernando Diego Vozniak,5547991007168,5547991007168
371,Marciano,Vizzotto cordeiro,Novo,,049.599.501-02,67 99331-6523,marcianovizzotto5@gmail.com,MS,eldorado,manoel.farias,pintor,R$6.001-a-R$10.000,Sim,Casado(a).-Minha-esposa(o)-apóia.,"No meu entendimento, é uma sociedade que torna a gente em pessoas melhores e de valores!",,2026-06-14 14:38:00,masonhub.app@gmail.com,2026-06-14,,Marciano,5567993316523,5567993316523
334,Gilson,Aparecido tomaz prudencio,Novo,,78337445149,67984489362,gilsontomaz2134@gmail.com,MS,gilsontomaz2134@gmail.com,gilsontomaz2134@gmail.com,gerente logistica,R$3.001-a-R$6.000,Sim,Casado(a).-Minha-esposa(o)-apóia.,Pelo q já entendi a maçonaria forma homens para um futuro muito elhor,,2026-06-11 02:12:00,masonhub.app@gmail.com,2026-06-11,,Gilson,5567984489362,5567984489362
287,Marcos Aparecido Ribeiro dos Santos ,,Novo,,748.917.741-34,(67) 98114-8650,brutorustico1214@gmail.com,MS,Inocência ,,Mestre de obras ,Acima-de-R$10.000,Sim,Não-sou-casado(a),Acho muito interessante tenho vontade de entra na família maçonaria ,,2026-06-10 14:43:00,masonhub.app@gmail.com,2026-06-10,,Marcos Aparecido Ribeiro Dos Santos,5567981148650,5567981148650
556,Rodolfo de Souza,Rodolfo de Souza,Novo,,desousarodolfo43@gmail.com,67 98468-6128,desousarodolfo43@gmail.com,MS,navi Naviraí MS Naviraí MS,Jardim paraíso,desousarodolfo43@gmail.com,R$1.500-a-R$3.000,Sim,Não-sou-casado(a),Sim algumas coisas,,2026-07-03 12:16:00,masonhub.app@gmail.com,2026-07-03,,Rodolfo De Souza,5567984686128,5567984686128
557,Rodolfo de Souza,Rodolfo de Souza,Novo,,02593850183,67 98468-6128,desousarodolfo43@gmail.com,MS,Naviraí MS,bairro Jardim paraíso,desousarodolfo43@gmail.com,R$1.500-a-R$3.000,Sim,Não-sou-casado(a),Conheço algumas coisas,,2026-07-03 12:17:00,masonhub.app@gmail.com,2026-07-03,,Rodolfo De Souza,5567984686128,5567984686128
389,Josias Barbosa Souza,Tubarão,Novo,,souzajosias607@gmail.com,67 99966-6162,souzajosias607@gmail.com,MS,paranaiba,santo.antonio,agente segurança,R$1.500-a-R$3.000,Sim,Casado(a).-Minha-esposa(o)-apóia.,UM.esperiencia,,2026-06-16 09:53:00,masonhub.app@gmail.com,2026-06-16,,Josias Barbosa Souza,5567999666162,5567999666162
57,Angelo caballero medina ,,Novo,,065.796.681-99,(67) 99939-8235,an15gelomedina@gmail.com,MS,Ponta Porã ,,Ajudante de pedreiro ,R$1.500-a-R$3.000,Sim,Casado(a).-Minha-esposa(o)-apóia.,,,2026-06-10 14:43:00,masonhub.app@gmail.com,2026-06-10,,Angelo Caballero Medina,5567999398235,5567999398235
434,Douglas Henrique,Rodrigues Moreira,Novo,,05679210185,67 99234-7350,moreirahenriqueee499@gmail.com,MS,tres lagoas,guanabara,auxiliar de mecanico,R$1.500-a-R$3.000,Sim,Não-sou-casado(a),Uma fraternidade discreta onde pessoas se ajudam a serem melhores,,2026-06-19 03:24:00,masonhub.app@gmail.com,2026-06-19,,Douglas Henrique,5567992347350,5567992347350
248,Angelo Geraldo Marques Melo,,Novo,,609.864.761-53,(67) 99225-2309,angelo1307melo@gmail.com,MS,Três Lagoas,,Eletricista ,R$3.001-a-R$6.000,Sim,Casado(a).-Minha-esposa(o)-apóia.,Algo que molda o caráter e comportamento ,,2026-06-10 14:43:00,masonhub.app@gmail.com,2026-06-10,,Angelo Geraldo Marques Melo,5567992252309,5567992252309
43,Adair Claudio Paz Figueredo,,Novo,,079.710.071-75,(66) 99205-003,adair.claudio.paz.111999@gmail.com,MT,Aripuanã ,,trabalhando em fazenda ,R$3.001-a-R$6.000,Sim,Casado(a).-Minha-esposa(o)-não-apóia.,ainda não sei como funciona!,,2026-06-10 14:43:00,masonhub.app@gmail.com,2026-06-10,,Adair Claudio Paz Figueredo,556699205003,556699205003
368,Valder,Alves,Novo,,04243667624,31 92005-5116,valderalves@outlook.com,MT,Belo Horizonte,Acaiaca,Engenheiro.Mecânico.,Acima-de-R$10.000,Sim,Casado(a).-Minha-esposa(o)-apóia.,"Sou maçom há muitos anos, e a Maçonaria, para mim, é muito mais do que uma instituição. É uma escola de vida que me ensinou valores fundamentais como honra, respeito, fraternidade, disciplina e amor ao próximo._x000D_
_x000D_
Através de seus ensinamentos, aprendi a buscar constantemente meu aperfeiçoamento moral e espiritual, trabalhando minhas imperfeições e procurando ser um homem melhor a cada dia. A Maçonaria me mostrou que a verdadeira grandeza está no caráter, na humildade e no serviço prestado à humanidade._x000D_
_x000D_
Para mim, ser maçom é viver os princípios da liberdade, igualdade e fraternidade não apenas dentro da Loja, mas principalmente fora dela, no convívio com a família, os amigos e a sociedade. É um compromisso permanente com a verdade, a justiça e a construção de um mundo melhor.",,2026-06-13 20:20:00,masonhub.app@gmail.com,2026-06-13,,Valder,5531920055116,5531920055116
638,Luciano jeferson da silva,Silva,Novo,,04441030665,31 97542-2068,cursordelibra28@gmail.com,MT,betim,novo horizonte,empresário,Acima-de-R$10.000,Sim,Casado(a).-Minha-esposa(o)-apóia.,Nada,,2026-07-27 12:23:00,masonhub.app@gmail.com,2026-07-27,,Luciano Jeferson Da Silva,5531975422068,5531975422068
641,Fabiano,Silva Rodrigues,Novo,,10733054650,35 99872-5741,fabianosilrodrigues@icloud.com,MT,Camanducaia / Monte Verde,Monte Verde,Vendedor,R$3.001-a-R$6.000,Sim,Casado(a).-Minha-esposa(o)-apóia.,"Entendo que a maçonaria busca o aperfeiçoamento do homem e após estudar sobre a maçonaria durante algum tempo, deixando de lado principalmente os mitos e preconceitos da imaginação popular, eu entendo que é esse aperfeiçoamento que mais desejo para a minha vida._x000D_
Entendo que a sociedade maçônica busca mudar a vida de homens dispostos a aprender e evoluir como ser humano, e acredito piamente que é isso que o mundo necessita.",,2026-07-27 23:28:00,masonhub.app@gmail.com,2026-07-27,,Fabiano,5535998725741,5535998725741
586,Claudilene de Alvarenga Moreira,Alvarenga,Contato realizado,,claudilenealvarenga260209@gmail.com,31 98574-5683,claudilenealvarenga260209@gmail.com,MT,claudilenealvarenga260209@gmail.com,claudilenealvarenga260209@gmail.com,claudilenealvarenga260209@gmail.com,R$1.500-a-R$3.000,Sim,Casado(a).-Minha-esposa(o)-apóia.,"Quero fazer parte, sempre tive esse sonho",,2026-07-28 19:04:00,gerson@masonhub.com.br,2026-07-08,,Claudilene De Alvarenga Moreira,5531985745683,5531985745683
644,Claudilene de alvarenga Moreira,Claudilene de alvarenga Moreira,Contato realizado,,claudilenealvarenga260209@gmail.com,31 98574-5683,claudilenealvarenga260209@gmail.com,MT,coronel fabriciano,belvedere,claudilenealvarenga260209@gmail.com,R$1.500-a-R$3.000,Sim,Casado(a).-Minha-esposa(o)-apóia.,"Uma família unida, um ajudando o outro",,2026-07-28 19:04:00,gerson@masonhub.com.br,2026-07-28,,Claudilene De Alvarenga Moreira,5531985745683,5531985745683
252,IGOR TANAKA MEDEIROS,,Novo,,712.577.051-72,(65) 98112-3600,7igormedeiros@gmail.com,MT,Cuiabá,,Corretor de Seguros,R$3.001-a-R$6.000,Sim,Casado(a).-Minha-esposa(o)-apóia.,Conhecimento,,2026-06-10 14:43:00,masonhub.app@gmail.com,2026-06-10,,Igor Tanaka Medeiros,5565981123600,5565981123600
32,gladstone luiz de sousa,,Novo,,076.828.416-30,(61) 99845-4506,gsmecanicaindustrial@gmail.com,MT,Cuiabá,,Engenheiro Mecanico,Acima-de-R$10.000,Sim,Casado(a).-Minha-esposa(o)-apóia.,não sei nada gostaria de saber ,,2026-06-10 14:43:00,masonhub.app@gmail.com,2026-06-10,,Gladstone Luiz De Sousa,5561998454506,5561998454506
139,Mayk da Silva Freitas ,,Novo,,098.489.791-74,(65) 99200-3317,silvamayk8619@gmail.com,MT,Cuiabá ,,Gerente ,R$3.001-a-R$6.000,Sim,Não-sou-casado(a),,,2026-06-10 14:43:00,masonhub.app@gmail.com,2026-06-10,,Mayk Da Silva Freitas,5565992003317,5565992003317
132,Endrew Scott ,,Novo,,041.357.081-96,(65) 98173-5527,Brendrew799@gmail.com,MT,Cuiabá ,,Não tem,R$1.500-a-R$3.000,Sim,Não-sou-casado(a),,,2026-06-10 14:43:00,masonhub.app@gmail.com,2026-06-10,,Endrew Scott,5565981735527,5565981735527
51,Vilmar Ferreira ,,Novo,,702.894.171-04,(65) 99280-6448,vilmar96863628@gmail.com,MT,Cuiabá ,,Motorista ,R$1.500-a-R$3.000,Sim,Casado(a).-Minha-esposa(o)-apóia.,,,2026-06-10 14:43:00,masonhub.app@gmail.com,2026-06-10,,Vilmar Ferreira,5565992806448,5565992806448
323,Leonardo Laurence Souza Campos ,,Novo,,035.511.161-64,(65) 99343-2971,laurenceleonardo42@gmail.com,MT,Cuiabá MT ,,Porteiro ,R$1.500-a-R$3.000,Sim,Não-sou-casado(a),Nada para eu aprender quero conhecer sobre a maçonaria como funciona como que é quero participar dessa irmandade.,,2026-06-10 14:43:00,masonhub.app@gmail.com,2026-06-10,,Leonardo Laurence Souza Campos,5565993432971,5565993432971
666,BRUNO DO CARMO PEREIRA,BRUNO DO CARMO PEREIRA,Novo,,brunoa79847@gmail.com,37 99824-5178,brunoa79847@gmail.com,MT,divinopolis,nova fortaleza,brunoa79847@gmail.com,R$6.001-a-R$10.000,Sim,Casado(a).-Minha-esposa(o)-apóia.,Nada ainda,,2026-08-03 00:00:00,masonhub.app@gmail.com,2026-08-03,,Bruno Do Carmo Pereira,5537998245178,5537998245178
242,Ademar Nascimento Teixeira ,,Novo,,631.887.591-34,(66) 99642-7155,nascimentoteixriraademar@gmail.com,MT,Dom Aquino,,Queijeiro ,R$3.001-a-R$6.000,Sim,Não-sou-casado(a),Eu acho fascinante a busca pelo conhecimento ,,2026-06-10 14:43:00,masonhub.app@gmail.com,2026-06-10,,Ademar Nascimento Teixeira,5566996427155,5566996427155
599,Alêxandre,De lima,Entrevista agendada,2026-07-26 13:00:00,09660671423,35 98472-0491,alexandrepereiradelima9@gmail.com,MT,extrema,Jardim Europa,ajudante de pedreiro,R$1.500-a-R$3.000,Sim,Casado(a).-Minha-esposa(o)-não-apóia.,A maçonaria é um local de fraternidade e ensinamentos. Não é uma religião!,,2026-07-21 00:58:00,gerson@masonhub.com.br,2026-07-13,,Alêxandre,5535984720491,5535984720491
564,Julimar,P.Coelho,Novo,,julimarbrant@gmail.com,31 99138-1014,julimarbrant@gmail.com,MT,ipatinga,esperanca,julimarbrant@gmail.com,R$1.500-a-R$3.000,Sim,Não-sou-casado(a),Nada ainda,,2026-07-04 13:38:00,masonhub.app@gmail.com,2026-07-04,,Julimar,5531991381014,5531991381014
574,Alex,Passos Pereira,Entrevista agendada,2026-07-22 17:00:00,110.683.697-95,31 98508-3528,alex.passos220883@gmail.com,MT,ipatinga,esperanças,operador de maquinas,R$3.001-a-R$6.000,Sim,Não-sou-casado(a),Pouca coisa,,2026-07-22 15:26:00,gerson@masonhub.com.br,2026-07-05,,Alex,5531985083528,5531985083528
437,Yago,Roberto,Novo,,17870855708,21 96961-8961,yagoarrudalima6@gmail.com,MT,Itabirito,itaubira,ajudante de marcenaria,R$1.500-a-R$3.000,Sim,Não-sou-casado(a),"Existem muitos boatos e especulação a respeito. Mas eu acredito na vertente de ser uma fraternidade de homens que se apoiam e buscam evoluir como indivíduo, resultando em uma sociedade melhor para todos.",,2026-06-19 16:56:00,masonhub.app@gmail.com,2026-06-19,,Yago,5521969618961,5521969618961
432,RENATO DA SILVA JUNIOR,SILVA,Novo,,11112527699,31 99679-7700,rejuniorbiu@gmail.com,MT,Itauna,Santanense,rejuniorbiu@gmail.com,R$3.001-a-R$6.000,Sim,Casado(a).-Minha-esposa(o)-apóia.,Que ela ensina o homem a se ver e reconhecer suas riquezas e valores,,2026-06-18 23:20:00,masonhub.app@gmail.com,2026-06-18,,Renato Da Silva Junior,5531996797700,5531996797700
400,Fabiano,Cruz,Novo,,05904232667,32 98803-4553,fabianocruz671@gmail.com,MT,juiz de Faro,bonfim,altonomo,R$1.500-a-R$3.000,Sim,Não-sou-casado(a),Eu quero uma oportunidade pra ajudar as pessoas do meu bairro,,2026-06-16 17:15:00,masonhub.app@gmail.com,2026-06-16,,Fabiano,5532988034553,5532988034553
555,ADILSON GONCALVES DA ROCHA,ADILSON GONCALVES DA ROCHA,Novo,,sabrinabandido123@gmail.com,38 99740-8100,sabrinabandido123@gmail.com,MT,natalandia,centro,empresario@,Acima-de-R$10.000,Sim,Não-sou-casado(a),"A Maçonaria é uma sociedade fraternal, filosófica e filantrópica. Seus membros buscam o autodesenvolvimento e a evolução moral por meio de rituais, alegorias e símbolos de antigas corporações de construtores. Fundamenta-se em princípios de liberdade, igualdade e fraternidade, exigindo de seus membros a crença em um Ser Supremo.",,2026-07-03 11:08:00,masonhub.app@gmail.com,2026-07-03,,Adilson Goncalves Da Rocha,5538997408100,5538997408100
65,Diogo do Carmo bernardes,,Novo,,048.460.891-69,(66) 99652-7507,docarmobernardesdiogo@gmail.com,MT,Nova Xavantina,,Repositor de mercadorias,R$1.500-a-R$3.000,Sim,Não-sou-casado(a),É uma irmandade que auto si ajudar e guarda segredos,,2026-06-10 14:43:00,masonhub.app@gmail.com,2026-06-10,,Diogo Do Carmo Bernardes,5566996527507,5566996527507
542,Cassio,Lopes franco,Novo,,298.677.658.26,35 99985-1533,cassiolopess013@gmail.com,MT,ouro fino,sao judas,repositor,R$1.500-a-R$3.000,Sim,Casado(a).-Minha-esposa(o)-apóia.,E uma irmandade MT sabia tem um visão em bons negócios,,2026-06-30 01:57:00,masonhub.app@gmail.com,2026-06-30,,Cassio,5535999851533,5535999851533
129,João Batista de Souza ,,Novo,,631.028.201-82,(65) 98421-6749,Joaopintobatista68@gmail.com,MT,Pocone ,,Operador de escavadeira ,R$6.001-a-R$10.000,Sim,Casado(a).-Minha-esposa(o)-apóia.,Quera entender tudo sei que é  uma religião séria e acredita em Deus assima de tudo,,2026-06-10 14:43:00,masonhub.app@gmail.com,2026-06-10,,João Batista De Souza,5565984216749,5565984216749
265,Cleuber junior vieira ,,Novo,,031.154.421-57,(65) 99686-1872,cleuberjuniorvieiravieira@gmail.com,MT,Porto ESPERIDIÃO ,,Construção civil pedreiro ,R$3.001-a-R$6.000,Sim,Não-sou-casado(a),Sobre a maçonaria nada más entendo que é uma sociedade que sempre está buscando melhorar cada dia mais e eu quero fazer parte dessa união ,,2026-06-10 14:43:00,masonhub.app@gmail.com,2026-06-10,,Cleuber Junior Vieira,5565996861872,5565996861872
24,Nicoly Vieira Xavier,,Novo,,071.422.621-17,(66) 99266-6895,nicolyxavier913@gmail.com,MT,Primavera do Leste,,Social media ,R$3.001-a-R$6.000,Sim,Não-sou-casado(a),"Um ambiente onde entendemos a verdade por traz do mundo, nos moldando a nossa real missão, desenvolvimento valores e princípios alinhados aos ensinos do grande Espírito. ",,2026-06-10 14:43:00,masonhub.app@gmail.com,2026-06-10,,Nicoly Vieira Xavier,5566992666895,5566992666895
250,Michael Guilherme Ferreira sanabri ,,Novo,,040.684.561-19,(66) 99646-1704,michaelguilherme2026@gmail.com,MT,Primavera do Leste ,,Técnico em mecatrônica ,R$3.001-a-R$6.000,Sim,Casado(a).-Minha-esposa(o)-apóia.,Não intendo muito pois não tenho conhecimento ,,2026-06-10 14:43:00,masonhub.app@gmail.com,2026-06-10,,Michael Guilherme Ferreira Sanabri,5566996461704,5566996461704
403,Sidnei Miranda peixoto,Peixoto,Novo,,014.491.296-17,31 97233-6750,Sidneipeixotomiranda@gmail.com,MT,Setelagoas,Interlagos,pintor,R$1.500-a-R$3.000,Sim,Casado(a).-Minha-esposa(o)-não-apóia.,"Eu quero muito fazer parte da marssonaria  se minha esposa não assinar, mesmo assim eu quero fazer parte da marssonaria e meu sonho, por favor se vcs poder me ajudar ser um marssom",,2026-06-16 21:59:00,masonhub.app@gmail.com,2026-06-16,,Sidnei Miranda Peixoto,5531972336750,5531972336750
146,Luis Erlei Meneguitte ,,Novo,,667.630.101-68,(66) 99930-3292,Meneguitteluis@gmail.com,MT,Sinop,,Vendas de peças para caminhões ,R$3.001-a-R$6.000,Sim,Casado(a).-Minha-esposa(o)-apóia.,Como uma cooperativa que associados ,,2026-06-10 14:43:00,masonhub.app@gmail.com,2026-06-10,,Luis Erlei Meneguitte,5566999303292,5566999303292
453,Eduardo,Ananias de Melo,Novo,,eademelo@gmail.com,34 99191-0825,eademelo@gmail.com,MT,uberlandia,chacaras tubalina e quartel,eademelo@gmail.com,R$1.500-a-R$3.000,Sim,Casado(a).-Minha-esposa(o)-não-apóia.,Primeiramente achar um propósito de vida,,2026-06-24 15:00:00,masonhub.app@gmail.com,2026-06-24,,Eduardo,5534991910825,5534991910825
616,DOUGLAS FERNANDES LASMAR CARRIJO QUEIROZ,FERNANDES,Reprovado,,douglasfernandeslasmar3@gmail.com,34 99668-7437,douglasfernandeslasmar3@gmail.com,MT,uberlandia,monte hebrom,douglasfernandeslasmar3@gmail.com,Acima-de-R$10.000,Não,Casado(a).-Minha-esposa(o)-não-apóia.,"Não intendo, mais eu vi um vídeo , um homem explicando, e eu sinto q sou diferente, consigo pressenti energia, sei que vivemos em um mundo holográfico, em uma cupsola, sei q estão vigiando a gente, mais eu sei também q eu vim fazer a minha parte, e eles estão vendo",,2026-07-21 15:45:00,gerson@masonhub.com.br,2026-07-21,,Douglas Fernandes Lasmar Carrijo Queiroz,5534996687437,5534996687437
690,Leandro,Santana,Novo,,02658602618,34 99919-0912,leandros.totvs@gmail.com,MT,Uberlândia,Jardim Holanda,Analista de Sistemas,Acima-de-R$10.000,Sim,Casado(a).-Minha-esposa(o)-apóia.,Somente o que vejo nas redes sociais,,2026-08-20 16:40:00,masonhub.app@gmail.com,2026-08-20,,Leandro,5534999190912,5534999190912
358,Emanuel Claudio de Sousa,Lopes,Novo,,10703863401,64 98453-6467,claudiosousa.lopes2022@gmail.com,MT,uberlandia minas gerais,jardim brasilia,empresario,R$1.500-a-R$3.000,Sim,Casado(a).-Minha-esposa(o)-apóia.,Oque maçonaria faz uma nova pessoa em todas áreas da vida do ser humano,,2026-06-12 17:59:00,masonhub.app@gmail.com,2026-06-12,,Emanuel Claudio De Sousa,5564984536467,5564984536467
585,Wallas,Ruas,Entrevista agendada,2026-07-23 14:00:00,13507545608,'+55 31 99887-8354,wallasruas076@gmail.com,MT,vespasiano,gavea 2,frentista caixa,R$1.500-a-R$3.000,Sim,Não-sou-casado(a),"A maçonaria é uma sociedade fraternal e filosófica que busca o aperfeiçoamento moral e intelectual de seus membros ._x000D_
Onde se busca ser um pai melhor,um eposo Melhor um ser humano melhor.",,2026-07-23 19:44:00,gerson@masonhub.com.br,2026-07-07,,Wallas,5531998878354,5531998878354
460,Manuel mussosso muchina,Muchina,Reprovado,,manuelmuchina01@gmail.com,01.846572331,manuelmuchina01@gmail.com,AC,manuelmuchina01@gmail.com,manuelmuchina01@gmail.com,manuelmuchina01@gmail.com,Acima-de-R$10.000,Não,Não-sou-casado(a),Eu só oiço dizer da masonaria até já tentei em querer fazer parte mas já levaram 70 mil meticais. Mas até agora eu preciso de vossa ajuda para eu poder fazer parte da organização,Telefone não existe. Não sabe escrever,2026-06-26 18:25:00,masonhub.app@gmail.com,2026-06-25,,Manuel Mussosso Muchina,551846572331,551846572331
439,Alex,Cruz,Reprovado,,83164529287,91 98601-6361,alex.lipecruz@gmail.com,PA,belém,souza,tecnico eletrotecnico,R$6.001-a-R$10.000,Sim,Casado(a).-Minha-esposa(o)-apóia.,Uma irmandade que ajuda um ao outro,"mandei a uma consulta com Caelos smith o mesmo sumiu,feito inumeros ctts sem sucesso do candidato.",2026-07-21 20:13:00,gerson@masonhub.com.br,2026-06-19,CARLOS SMIDTH,Alex,5591986016361,5591986016361
315,Ricardo Ferreira lima ,,Reprovado,2026-06-26 21:00:00,453.855.722-68,(98) 98412-1869,ricklimal121@gmail.com,PA,Belém ,,Comerciante ,R$1.500-a-R$3.000,Sim,Não-sou-casado(a),,ctt feito 6x sem retorno.,2026-07-05 16:33:00,agnton@masonhub.com.br,2026-06-10,,Ricardo Ferreira Lima,5598984121869,5598984121869
27,eduardo da silva oliveira,,Contato realizado,,528.459.742-72,(94) 99169-6037,mundocriativods@gmail.com,PA,Bom Jesus do Tocantins,,Gráfica comunicação visual ,R$1.500-a-R$3.000,Sim,Não-sou-casado(a),"Pelos autos falado, acredito que são unidos e ajuda cada irmão, tem disciplina e são homens de bons costumes. Examente oque todo homem precisa pra ser um homem de verdade .",,2026-06-26 18:54:00,masonhub.app@gmail.com,2026-06-10,,Eduardo Da Silva Oliveira,5594991696037,5594991696037
325,Lucas Oliveira da Silva,,Entrevista agendada,2026-06-26 22:45:00,023.562.592-28,(94) 98402-9190,LOliveira937@gmail.com,PA,Canaã dos Carajás ,,Terapeuta holístico ,R$3.001-a-R$6.000,Sim,Não-sou-casado(a),"Pra mim maçonaria é uma fraternidade organizada pra estudos esotérico, filosófico onde se estudar o desperta a melhor versão de cada irmão.",,2026-06-26 21:26:00,masonhub.app@gmail.com,2026-06-10,,Lucas Oliveira Da Silva,5594984029190,5594984029190
560,Francivaldo,Carneiro Lima,Contato realizado,,70035571268,94 99661-3734,francivaldotop.fl@gmail.com,PA,Eldorado dos Carajás,Setor 5,Desempregado,R$1.500-a-R$3.000,Sim,Não-sou-casado(a),Nada,feito ctt saber a distancia de belem.,2026-07-05 16:47:00,agnton@masonhub.com.br,2026-07-03,,Francivaldo,5594996613734,5594996613734
196,Adaias Moraes santos ,,Contato realizado,,049.929.692-32,(93) 99169-1461,adaiasmoraessantos3@gmail.com,PA,Itaituba ,,Garimpo ,R$3.001-a-R$6.000,Sim,Casado(a).-Minha-esposa(o)-apóia.,"Eu intendo no meu pouco desinirmento que er uma transformação na vida de um homem que busca ser leal a família próspero e responsável é um bom pai de família um homem aufa eu acredito que a irmandade ajuda muito nessas ocasiões que descreve Asim penso, eu!",,2026-06-26 18:45:00,masonhub.app@gmail.com,2026-06-10,,Adaias Moraes Santos,5593991691461,5593991691461
602,Ivo,Laureano Ferreira,Contato realizado,,84543833287,94 98804-7934,ivo.laureano.vigilante@gmail.com,PA,Maraba,zona rural,ivo.laureano.vigilante@gmail.com,Acima-de-R$10.000,Sim,Casado(a).-Minha-esposa(o)-apóia.,"Então que a maçonaria e um organização que nos mostra muito conhecimento e ajuda a entender a vida melhor, ser uma pessoa melhor com muito conhecimento",,2026-07-21 00:39:00,gerson@masonhub.com.br,2026-07-13,,Ivo,5594988047934,5594988047934
297,Osvaldo calló,,Encaminhado para a loja,2026-06-26 21:15:00,278.278.168-51,(94) 99278-1051,osvaldo37anos@gmail.com,PA,Marabá ,,Soldador ,R$6.001-a-R$10.000,Sim,Não-sou-casado(a),O que eu acho e penso da maçonaria é ajuda o homem crescer na vida financeiramente ser um homo honesto sério estruturado essa é a principal parte que eu acho que a maçonaria é muito séria,,2026-06-27 00:57:00,masonhub.app@gmail.com,2026-06-10,,Osvaldo Calló,5594992781051,5594992781051
593,Paulo,Roberto,Contato realizado,,88258165291,94 98443-3957,r.acomprasevendas@gmail.com,PA,nova ipixuna,centro,altonomo,R$3.001-a-R$6.000,Sim,Não-sou-casado(a),Nada,,2026-07-21 01:28:00,gerson@masonhub.com.br,2026-07-10,,Paulo,5594984433957,5594984433957
345,Cosme,De oliveira Gomes,Contato realizado,,0192781201,94991090167,cosmedeoliveiragomes387@gmail.com,PA,nova ipixuna,felicidade,ceramica (desenfornador),R$1.500-a-R$3.000,Sim,Casado(a).-Minha-esposa(o)-não-apóia.,"Dizem que é coisa do Diabo, é os comentários que se ouve pela maioria das pessoas.",,2026-06-26 17:59:00,masonhub.app@gmail.com,2026-06-12,,Cosme,5594991090167,5594991090167
262,WILIAN GABRIEL PEREIRA ARAUJO,,Encaminhado para a loja,2026-06-26 22:15:00,049.739.402-24,(93) 98102-6495,gqbrielwiliam@gmail.com,PA,Novo Progresso,,Vendedor de peças e implementos agrícolas ,R$1.500-a-R$3.000,Sim,Não-sou-casado(a),"Não entendo muito,mas procuro conhecer e me aprofundar melhor sobre essa família pois ouço falarem muito bem",,2026-06-27 00:58:00,masonhub.app@gmail.com,2026-06-10,,Wilian Gabriel Pereira Araujo,5593981026495,5593981026495
245,Blairo henrique mota kappes,,Entrevista agendada,2026-06-26 22:30:00,036.138.492-08,(93) 98102-2180,blairok8@gmail.com,PA,Novo progresso,,Gerente,R$6.001-a-R$10.000,Sim,Casado(a).-Minha-esposa(o)-apóia.,"Estudo bastante sobre, quero me torna um homem melhor e lapidar minha pedra com os conhecimentos maçônicos ",,2026-06-26 19:59:00,masonhub.app@gmail.com,2026-06-10,,Blairo Henrique Mota Kappes,5593981022180,5593981022180
449,ROGERIO FERREIRA MAIA,ROGERIO FERREIRA MAIA,Encaminhado para a loja,2026-06-26 21:30:00,87389541253,91 98769-1113,plenomaia34@gmail.com,PA,paragominas,centro,inspetor de qualida,R$1.500-a-R$3.000,Sim,Casado(a).-Minha-esposa(o)-apóia.,"No meu vê é uma sociedade discreta onde, os homens são bons que se torna melhores.",,2026-06-27 00:57:00,masonhub.app@gmail.com,2026-06-22,,Rogerio Ferreira Maia,5591987691113,5591987691113
647,Manoela oliveira Oliveira,Manoela oliveira Oliveira,Novo,,03074627220,91 99395-9526,oliveiramanoelaoliveira89@gmail.com,PA,paragominas,Nagibao,Zeladora,R$1.500-a-R$3.000,Sim,Não-sou-casado(a),Nao conheço muito . Gostaria de saber mas,,2026-07-28 22:20:00,masonhub.app@gmail.com,2026-07-28,,Manoela Oliveira Oliveira,5591993959526,5591993959526
545,Mayk,Nunes,Contato realizado,,maykn5570@gmail.com,91 99322-3633,maykn5570@gmail.com,PA,paragominas,tropical,maykn5570@gmail.com,R$1.500-a-R$3.000,Sim,Casado(a).-Minha-esposa(o)-não-apóia.,Gostaria de entender,ctt feito p saber a distancia de belem capital,2026-07-05 16:48:00,agnton@masonhub.com.br,2026-07-01,,Mayk,5591993223633,5591993223633
166,Elton bararua Braga ,,Encaminhado para a loja,2026-06-26 21:45:00,019.798.302-23,(94) 99908-2193,eltonbararua5@gmail.com,PA,Redenção ,,Mecânico ,Acima-de-R$10.000,Sim,Casado(a).-Minha-esposa(o)-apóia.,Uma ordem fraternidade com um único propósito maior ,,2026-06-27 00:57:00,masonhub.app@gmail.com,2026-06-10,,Elton Bararua Braga,5594999082193,5594999082193
143,Francisco idelbrando Nunes ,,Contato realizado,,806.934.312-53,(94) 98404-1341,franciscoidelbrandonunesn69@gmail.com,PA,REDENÇÃO ,,Mercanico de refrigeração industrial ,Acima-de-R$10.000,Sim,Casado(a).-Minha-esposa(o)-não-apóia.,Que e uma irmandade de pessoas que pratica o bem,,2026-06-26 18:51:00,masonhub.app@gmail.com,2026-06-10,,Francisco Idelbrando Nunes,5594984041341,5594984041341
503,Romário,Souza,Novo,,01789493293,31 97359-3480,romariocactuss@gmail.com,PA,romariocactuss@gmail.com,romariocactuss@gmail.com,auxiliar de sinalizacao,R$3.001-a-R$6.000,Sim,Não-sou-casado(a),"Entendo que e uma instituição não filantrópica , que tem como seu maior propósito. Trazer o conhecimento e a contrução do homem.      Fazer isso. Com discrição. ,",este candidato esta em sertaozinho interior de sp.,2026-07-05 16:42:00,agnton@masonhub.com.br,2026-06-27,,Romário,5531973593480,5531973593480
197,Francisco Eduardo Brasil Zambrano,,Encaminhado para a loja,2026-06-26 22:00:00,735.668.702-00,(93) 98420-0453,eduardo28zambrano@gmail.com,PA,Santarém,,Empresário ,Acima-de-R$10.000,Sim,Casado(a).-Minha-esposa(o)-apóia.,E um instituição distinta  e repleta de conhecimento ,Quer ser chamado de Eduardo.,2026-06-27 00:57:00,masonhub.app@gmail.com,2026-06-10,,Francisco Eduardo Brasil Zambrano,5593984200453,5593984200453
373,Alexsandro Alves gontijo,Gontijo,Contato realizado,,6286406191,91 99122-8187,Alexagontijo@gmail.com,PA,tailandia.,novo.horizonte,empresario,R$3.001-a-R$6.000,Sim,Casado(a).-Minha-esposa(o)-apóia.,Quero engrenar a loja da maçonaria,,2026-06-26 18:00:00,masonhub.app@gmail.com,2026-06-14,,Alexsandro Alves Gontijo,5591991228187,5591991228187
202,Rosivaldo Sanches Rodrigues ,,Encaminhado para a loja,,708.880.442-04,(91) 99205-6169,rosivaldossanches@gmail.com,PA,Tomé Açu ,Está 100% disposto,Agricultor ,R$1.500-a-R$3.000,Sim,Casado(a).-Minha-esposa(o)-apóia.,"no desejo de aprimoramento moral, intelectual e espiritual, além do interesse em contribuir para a sociedade através da fraternidade e filantropia",,2026-07-06 17:07:00,masonhub.app@gmail.com,2026-06-10,,Rosivaldo Sanches Rodrigues,5591992056169,5591992056169
107,Osiel Pacheco dos santos,,Entrevista agendada,2026-06-26 23:00:00,873.333.842-68,(91) 99127-5521,osielpacheco999@gmail.com,PA,Tucuruí-PA ,,Topografo,R$1.500-a-R$3.000,Sim,Não-sou-casado(a),Grupo de aprimoramento humano mental e espiritual ,,2026-06-26 19:33:00,masonhub.app@gmail.com,2026-06-10,,Osiel Pacheco Dos Santos,5591991275521,5591991275521
221,PAULO MICHEL DA SILVA LACERDA,,Novo,,705.860.544-05,(83) 98733-7939,michellacerda2013@gmail.com,PB,Campina Grande,,Autônomo ,R$3.001-a-R$6.000,Sim,Casado(a).-Minha-esposa(o)-apóia.,,,2026-06-10 14:43:00,masonhub.app@gmail.com,2026-06-10,,Paulo Michel Da Silva Lacerda,5583987337939,5583987337939
28,Alisson de Lima Xavier ,,Novo,,093.839.934-99,(83) 99145-4029,lima.xavier@academico.ifpb.esu.br,PB,João Pessoa,,Diretor Escolar ,R$3.001-a-R$6.000,Sim,Não-sou-casado(a),"Que é o diapasão da vida e nós somos como um instrumento, há sermos a finados, de dentro para fora e de fora para dentro. ",,2026-06-10 14:43:00,masonhub.app@gmail.com,2026-06-10,,Alisson De Lima Xavier,5583991454029,5583991454029
194,Rodrigo lagemann ,,Novo,,907.646.250-04,(67) 99855-6419,rmcservicoseirelli@hotmail.com,PB,João pessoa ,,Empresario,R$3.001-a-R$6.000,Sim,Casado(a).-Minha-esposa(o)-apóia.,Um pouco,,2026-06-10 14:43:00,masonhub.app@gmail.com,2026-06-10,,Rodrigo Lagemann,5567998556419,5567998556419
62,marcileno Ferreira,,Novo,,096.135.824-60,(83) 99559-468,marcilenovicente123@gmail.com,PB,Manaíra,,Barbeiro,R$3.001-a-R$6.000,Sim,Não-sou-casado(a),,,2026-06-10 14:43:00,masonhub.app@gmail.com,2026-06-10,,Marcileno Ferreira,558399559468,558399559468
142,Enock Batista,,Novo,,575.845.244-00,(83) 99802-1958,enockufpb@gmail.com,PB,Mari,,Professor e comerciante,R$1.500-a-R$3.000,Sim,Casado(a).-Minha-esposa(o)-apóia.,,,2026-06-10 14:43:00,masonhub.app@gmail.com,2026-06-10,,Enock Batista,5583998021958,5583998021958
125,Bruno corcino da Silva ,,Novo,,062.771.304-12,(83) 99301-6348,brunocorcinodasilvabruno@gmail.com,PB,Sape ,,Motorista e vigilante,R$1.500-a-R$3.000,Sim,Casado(a).-Minha-esposa(o)-apóia.,Praticamente quaser nada ,,2026-06-10 14:43:00,masonhub.app@gmail.com,2026-06-10,,Bruno Corcino Da Silva,5583993016348,5583993016348
118,José Sérgio dos Santos ,,Novo,,630.047.803-30,(87) 98161-7845,joseribo785@gmail.com,PE,Cabrobo ,,Representante de vendas ,R$3.001-a-R$6.000,Sim,Casado(a).-Minha-esposa(o)-apóia.,Que são homens de caráter ,,2026-06-10 14:43:00,masonhub.app@gmail.com,2026-06-10,,José Sérgio Dos Santos,5587981617845,5587981617845
692,Italo,Abraão,Novo,,9026771445,87 99109-2609,italoatikum1@gmail.com,PE,carnabeira da penha,centro,piscopedagogo,R$3.001-a-R$6.000,Sim,Casado(a).-Minha-esposa(o)-apóia.,Ter mais um pouco de sabedoria !,,2026-08-20 20:01:00,masonhub.app@gmail.com,2026-08-20,,Italo,5587991092609,5587991092609
582,Italo,Abraão,Entrevista agendada,2026-07-21 22:00:00,09026771444,87 99109-2609,italoatikum1@gmail.com,PE,carnabeira da penha,centro,liderançaindigina e pedagogo,R$3.001-a-R$6.000,Sim,Casado(a).-Minha-esposa(o)-apóia.,Um estudo que fais as pessoas ser melhor .,,2026-07-21 15:46:00,gerson@masonhub.com.br,2026-07-06,,Italo,5587991092609,5587991092609
122,AKIRIS VICTOR DO NASCIMENTO SILVA,,Novo,,140.909.764-13,(81) 97337-5591,akirisvictor15@gmail.com,PE,CARPINA ,,Empresário ,R$1.500-a-R$3.000,Sim,Não-sou-casado(a),"Entendo muito bom porem tenho sente de conhece mais, obs: moro em carpina porem trabalho em goiana, fica 5 e meio em goiana e 1 dia e meio em carpina",,2026-06-10 14:43:00,masonhub.app@gmail.com,2026-06-10,,Akiris Victor Do Nascimento Silva,5581973375591,5581973375591
150,Wyllyeverton de Souza Silva ,,Novo,,113.625.424-23,(81) 92142-3022,souzacarnauba548@gmail.com,PE,Caruaru,,Autonomo,R$3.001-a-R$6.000,Sim,Casado(a).-Minha-esposa(o)-apóia.,Leio bastante sobre estudo sobre os símbolos e toda alegoria maçônica ,,2026-06-10 14:43:00,masonhub.app@gmail.com,2026-06-10,,Wyllyeverton De Souza Silva,5581921423022,5581921423022
544,Leandro,Carlos,Novo,,11467952460,81 97321-6625,netosilvano7@gmail.com,PE,caruaru,centro,netosilvano7@gmail.com,R$1.500-a-R$3.000,Não,Não-sou-casado(a),A elite global,,2026-06-30 18:24:00,masonhub.app@gmail.com,2026-06-30,,Leandro,5581973216625,5581973216625
199,Joselito Florêncio Silva ,,Novo,,096.683.314-78,(81) 97314-9951,joselito_karla10@hotmail.com,PE,Caruaru ,,Autônomo ,R$6.001-a-R$10.000,Sim,Não-sou-casado(a),Nada ,,2026-06-10 14:43:00,masonhub.app@gmail.com,2026-06-10,,Joselito Florêncio Silva,5581973149951,5581973149951
282,JOSE WALESSON XAVIER FERREIRA,,Novo,,106.298.514-17,(81) 98462-7619,walessonferreira160@gmail.com,PE,Jaboatão dos Guararapes,,Mecânico ,R$1.500-a-R$3.000,Sim,Não-sou-casado(a),Sempre ouvi falar da maçonaria e tenho a curiosidade já ouvi falar muito que a  maçonaria e um tipo rede que reúne irmãos se ajudam entre si mas detalhe se conseguir entrar não pode sair que se pedir pra sair e perseguido e perde tudo . Meu Estado civil e solteiro mas moro com uma mulher e tenho filho com ela . Mas não samos casados em cartório.,,2026-06-10 14:43:00,masonhub.app@gmail.com,2026-06-10,,Jose Walesson Xavier Ferreira,5581984627619,5581984627619
83,Diogo caue da cruz izaquiel Caue,,Novo,,714.970.234-16,(87) 99157-1549,diogocruzcaue@gmail.com,PE,Petrolina ,,Loja de calçados ,R$1.500-a-R$3.000,Sim,Não-sou-casado(a),A masonaria e uma comunidade que se reunir para estudar os conhecimentos e trazer informações para um pessoa que não tem .,,2026-06-10 14:43:00,masonhub.app@gmail.com,2026-06-10,,Diogo Caue Da Cruz Izaquiel Caue,5587991571549,5587991571549
383,Paulo Roberto da Silva,Paulo Roberto da Silva,Novo,,dasilvapauloroberto280@gmail.com,81 99725-5825,dasilvapauloroberto280@gmail.com,PE,recife,dois unidos,dasilvapauloroberto280@gmail.com,R$1.500-a-R$3.000,Sim,Casado(a).-Minha-esposa(o)-não-apóia.,Eu não tenho conhecimento sobre a marcenaria nunca fiz parte,,2026-06-15 23:12:00,masonhub.app@gmail.com,2026-06-15,,Paulo Roberto Da Silva,5581997255825,5581997255825
185,Antônio Ivanildo Gomes Barbosa ,,Novo,,036.317.271-86,(74) 99968-2647,antonioivanildogomes8@gmail.com,PE,Santa Maria da boa vista ,,Pedreiro ,R$1.500-a-R$3.000,Sim,Não-sou-casado(a),,,2026-06-10 14:43:00,masonhub.app@gmail.com,2026-06-10,,Antônio Ivanildo Gomes Barbosa,5574999682647,5574999682647
70,Cícero rene Monteiro Rodrigues ,,Novo,,148.869.784-10,(87) 98809-0887,eletricarodrigues173@gmail.com,PE,Serra talhada ,,Eletricista ,R$1.500-a-R$3.000,Sim,Não-sou-casado(a),"Poucas  coisas  ,  mais  da para entender família unida",,2026-06-10 14:43:00,masonhub.app@gmail.com,2026-06-10,,Cícero Rene Monteiro Rodrigues,5587988090887,5587988090887
401,Gonçalo dos,Santos,Novo,,goncalofirmino330@gmail.com,86 99926-0482,goncalofirmino330@gmail.com,PI,Batalha,Ponto Belo,goncalofirmino330@gmail.com,R$1.500-a-R$3.000,Sim,Casado(a).-Minha-esposa(o)-não-apóia.,Quero te mais conhecimento.,,2026-06-16 21:07:00,masonhub.app@gmail.com,2026-06-16,,Gonçalo Dos,5586999260482,5586999260482
386,Gonçalo dos,Santos,Novo,,goncalofirmino330@gmail.com,5586999260482,goncalofirmino330@gmail.com,PI,Batalha,Ponto Belo,goncalofirmino330@gmail.com,R$1.500-a-R$3.000,Sim,Casado(a).-Minha-esposa(o)-não-apóia.,Conheço pouco mais acredito que seja um coisa boa,,2026-06-16 02:08:00,masonhub.app@gmail.com,2026-06-16,,Gonçalo Dos,5586999260482,5586999260482
684,Rafael Martins,Rafael Martins,Novo,,029.901.163-12,89 99457-7035,r7construcoesflo@gmail.com,PI,floriano,Ibiapaba,empresário,Acima-de-R$10.000,Sim,Casado(a).-Minha-esposa(o)-apóia.,"Entendo que é uma instituição que ensina o caminho do bom viver, os princípios  da vida próspera",,2026-08-14 13:57:00,masonhub.app@gmail.com,2026-08-14,,Rafael Martins,5589994577035,5589994577035
563,Luciano,Costa,Novo,,12099911878,89 99423-9949,lc1942877@gmail.com,PI,jaicos,centro,serralheiro,R$1.500-a-R$3.000,Sim,Casado(a).-Minha-esposa(o)-não-apóia.,Uma sociedade de homens lutando por um bem em comum,,2026-07-04 12:45:00,masonhub.app@gmail.com,2026-07-04,,Luciano,5589994239949,5589994239949
100,Francisco Eudes vieira ramos ,,Novo,,046.264.303-41,(86) 99838-2872,franciscoeudeseudes74@gmail.com,PI,Piripiri ,,Pedreiro ,R$1.500-a-R$3.000,Sim,Não-sou-casado(a),Atualmente nada só vejo comentários ,,2026-06-10 14:43:00,masonhub.app@gmail.com,2026-06-10,,Francisco Eudes Vieira Ramos,5586998382872,5586998382872
364,Joel Alberto Silva,Alberto,Novo,,88217221391,89 99450-9056,joela3235@gmail.com,PI,São Francisco do Piauí,Rondon,cantor,R$1.500-a-R$3.000,Sim,Não-sou-casado(a),É uma instituição muito antiga que agrega valores princípios e moral,,2026-06-13 10:03:00,masonhub.app@gmail.com,2026-06-13,,Joel Alberto Silva,5589994509056,5589994509056
85,Douglas Monteiro Reis,,Novo,,044.506.073-50,(86) 99955-8216,douglasmonteiroshalom@gmail.com,PI,Teresina,,,R$1.500-a-R$3.000,Sim,Não-sou-casado(a),Uma sociedade discreta,,2026-06-10 14:43:00,masonhub.app@gmail.com,2026-06-10,,Douglas Monteiro Reis,5586999558216,5586999558216
78,Francisco Frederick Tavares Cavalcante Leite ,,Novo,,645.428.663-00,(86) 99904-0564,fredericktavares97@gmail.com,PI,Teresina,,Motorista de aplicativo ,R$1.500-a-R$3.000,Sim,Não-sou-casado(a),Eu entendo que a maçonaria renova o homem faz nascer novamente fortalece o homem ,,2026-06-10 14:43:00,masonhub.app@gmail.com,2026-06-10,,Francisco Frederick Tavares Cavalcante Leite,5586999040564,5586999040564
153,Matheus Porfirio ,,Novo,,103.924.829-34,(43) 99641-3497,matheusfogaca096@gmail.com,PR,Arapongas ,,Analista de marketing ,R$3.001-a-R$6.000,Sim,Casado(a).-Minha-esposa(o)-apóia.,Como uma fraternidade onde se aprimoram valores ,,2026-06-10 14:43:00,masonhub.app@gmail.com,2026-06-10,,Matheus Porfirio,5543996413497,5543996413497
240,Anderson luiz Zimmermann Pereira ,,Novo,,069.570.839-26,(45) 99983-1206,andersonzimmermannn@gmail.com,PR,Cascavel,,Motorista ,R$6.001-a-R$10.000,Sim,Casado(a).-Minha-esposa(o)-apóia.,Nao entendo nd  vemos vídeos mas n sei de nada ainda,,2026-06-10 14:43:00,masonhub.app@gmail.com,2026-06-10,,Anderson Luiz Zimmermann Pereira,5545999831206,5545999831206
299,Felipe lunedo da Rocha ,,Novo,,121.759.619-40,(45) 99851-5579,felipelunedo094@gmail.com,PR,Cascavel ,,Atualmente trabalho como vendedor ,R$3.001-a-R$6.000,Sim,Não-sou-casado(a),"Entendo que seja um lugar de aperfeiçoamento espiritual e também pessoal, visando um mundo melhor.",,2026-06-10 14:43:00,masonhub.app@gmail.com,2026-06-10,,Felipe Lunedo Da Rocha,5545998515579,5545998515579
243,Gean Leandro Dalmas Silveira,,Entrevista agendada,,020.768.859-19,(45) 99810-3111,geanleandrodsilveira@gmeil.com,PR,Cascavel ,,Tecnico em manutençao de piscinas,R$3.001-a-R$6.000,Sim,Casado(a).-Minha-esposa(o)-apóia.,Quero me tornar um homem melhor e sempre adimirei a Masonaria,,2026-07-09 23:46:00,masonhub.app@gmail.com,2026-06-10,,Gean Leandro Dalmas Silveira,5545998103111,5545998103111
231,Hallenir rhaller Zacharias ,,Entrevista agendada,,383.363.208-90,(45) 99830-2174,hallenirzacharias33@gmail.com,PR,Cascavel ,,Funcionário área rural ,R$1.500-a-R$3.000,Sim,Casado(a).-Minha-esposa(o)-apóia.,Me parece uma boa religião encina sobre conduta caráter construção isso me interessa ,,2026-07-09 23:47:00,masonhub.app@gmail.com,2026-06-10,,Hallenir Rhaller Zacharias,5545998302174,5545998302174
341,Sergio,Zanco,Novo,,04169318986,44998251393,zancosergio267@gmail.com,PR,cianorte,jardim das araucarias,empresario,Acima-de-R$10.000,Sim,Casado(a).-Minha-esposa(o)-não-apóia.,Uma comunidade q ajuda  as pessoas q tem um bem comum,,2026-06-11 19:41:00,masonhub.app@gmail.com,2026-06-11,,Sergio,5544998251393,5544998251393
340,Sergio,Bueno zanco,Novo,,04169318986,44998251393,zancosergio267@gmail.com,PR,cianorte,jardim das araucarias,empresario,Acima-de-R$10.000,Sim,Casado(a).-Minha-esposa(o)-não-apóia.,Uma associação q procura em bem comum  melhoria do ser humano,,2026-06-11 19:38:00,masonhub.app@gmail.com,2026-06-11,,Sergio,5544998251393,5544998251393
82,Giovane dos Santos Rodrigues ,,Entrevista agendada,,095.548.819-24,(44) 99844-4197,geov30658@gmail.com,PR,Cianorte ,,Pedreiro ,R$3.001-a-R$6.000,Sim,Não-sou-casado(a),Disciplina  e properidade,,2026-07-09 23:46:00,masonhub.app@gmail.com,2026-06-10,,Giovane Dos Santos Rodrigues,5544998444197,5544998444197
306,Jorge Manuel arrascoyta ,,Entrevista agendada,,802.359.709-48,(49) 99928-4458,jmarrasflehr@gmail.com,PR,Colombo ,,Agricultura ,R$1.500-a-R$3.000,Sim,Não-sou-casado(a),"Como meu vô falou um dia pra mim, a maçonaria para mim é uma fraternidade composta por pessoas estudiosas, de diversas culturas , cultas , humildes de perfil baixo , de boas costumes, que desejam avançar no nível intelectual e aprender para evolução espiritual e pessoal. Que respeitam os princípios da evolução humana e também partiram da filantropia .. dam uma força para quem merece.. seus princípios são focados. Tem muito respeitos pela família principalmente... ",,2026-07-09 23:44:00,masonhub.app@gmail.com,2026-06-10,,Jorge Manuel Arrascoyta,5549999284458,5549999284458
193,Milson jose pereira junior,,Novo,,116.542.889-00,(41) 41987-0026,milsonjunior3@gmail.com,PR,Curitiba,,Gerente,R$1.500-a-R$3.000,Sim,Não-sou-casado(a),Maçonaria é onde você adquiri conhecimento e absorve conhecimento intelectual,,2026-06-10 14:43:00,masonhub.app@gmail.com,2026-06-10,,Milson Jose Pereira Junior,5541419870026,5541419870026
35,JOAO GABRIEL DOMANOSKI,,Entrevista agendada,,081.988.499-55,(41) 98498-9848,joaodomanoskiseg@gmail.com,PR,Curitiba,,comercial vendas,Acima-de-R$10.000,Sim,Casado(a).-Minha-esposa(o)-apóia.,"Pra mim, a maçonaria é mais uma filosofia de vida do que qualquer outra coisa. Vejo como uma irmandade antiga, baseada em princípios como respeito, disciplina, evolução pessoal, ajuda ao próximo e busca por conhecimento. Muita gente cria mistério em cima, mas no fundo envolve valores, estudo e união entre pessoas que querem crescer como seres humanos e profissionais. Cada pessoa pode enxergar de um jeito diferente, mas é isso que eu entendo.",,2026-07-09 23:45:00,masonhub.app@gmail.com,2026-06-10,,Joao Gabriel Domanoski,5541984989848,5541984989848
626,Ariel,Rossa,Novo,,09601042911,41 98898-5461,arielrossa@gmail.com,PR,Curitiba,Vila Isabel,Analista de suporte,R$3.001-a-R$6.000,Sim,Casado(a).-Minha-esposa(o)-apóia.,"Que eles são um grupo discreto e que busca trazer o conhecimento para o ser humano, assim esclarecendo todas as suas dúvidas e moldando esses ser humanos para obter a sua melhor versão.",,2026-07-23 17:44:00,masonhub.app@gmail.com,2026-07-23,,Ariel,5541988985461,5541988985461
200,Rubens silveira ,,Novo,,355.921.419-04,(41) 99865-0500,rhcc590@gmail.com,PR,Curitiba ,,Vigilante ,R$1.500-a-R$3.000,Sim,Casado(a).-Minha-esposa(o)-apóia.,Tou querendo entender ,,2026-06-10 14:43:00,masonhub.app@gmail.com,2026-06-10,,Rubens Silveira,5541998650500,5541998650500
164,Jose vinicius Souza,,Novo,,106.975.039-50,(41) 99977-2611,souzajosevinicius18@gmail.com,PR,Curitiba ,,,R$3.001-a-R$6.000,Sim,Casado(a).-Minha-esposa(o)-apóia.,"Maçonaria A Maçonaria é uma fraternidade antiga, discreta e simbólica, voltada ao desenvolvimento moral, intelectual e espiritual de seus membros. Seus princípios geralmente envolvem liberdade, igualdade, fraternidade, ética, busca pelo conhecimento e aperfeiçoamento pessoal.",,2026-06-10 14:43:00,masonhub.app@gmail.com,2026-06-10,,Jose Vinicius Souza,5541999772611,5541999772611
91,Josias Rodrigues ,,Entrevista agendada,,106.005.849-92,(41) 99810-4019,josiasdedeusrodrigus@gmail.com,PR,Curitiba ,,Jardineiro paisagista ,R$3.001-a-R$6.000,Sim,Casado(a).-Minha-esposa(o)-apóia.,Maçonaria tem como princípio a família isso e legal,,2026-07-09 23:46:00,masonhub.app@gmail.com,2026-06-10,,Josias Rodrigues,5541998104019,5541998104019
624,Vinícius,Batista de Siqueira,Novo,,10360664954,41 99883-8959,viniciusbatistadesiqueira@gmail.com,PR,curutiba,cidade industrial de curitiba,autonomo,R$3.001-a-R$6.000,Sim,Não-sou-casado(a),"Ao contrário de que muitas pessoas falam que é uma organização maldosa,eu creio que seja uma organização ondem se reúnem homens com conhecimento para passar uns aos outros de forma discreta.",,2026-07-23 00:49:00,masonhub.app@gmail.com,2026-07-23,,Vinícius,5541998838959,5541998838959
688,Alexandre,Pacheco,Novo,,11188653911,41 98464-6913,Pachecoalexandre688@gmail.com,PR,Fazendario grande,Nações,servente,R$1.500-a-R$3.000,Sim,Não-sou-casado(a),"Não conhece muito sobre,",,2026-08-19 20:27:00,masonhub.app@gmail.com,2026-08-19,,Alexandre,5541984646913,5541984646913
156,Jackson Kuchla,,Novo,,033.992.609-03,(42) 99117-3707,jacksonkuchladv@gmail.com,PR,Guarapuava,,Advogado,Acima-de-R$10.000,Sim,Casado(a).-Minha-esposa(o)-apóia.,"Filantropia, conhecimento profundo, estudo, fraternidade. ",,2026-06-10 14:43:00,masonhub.app@gmail.com,2026-06-10,,Jackson Kuchla,5542991173707,5542991173707
74,Matheus César Folda,,Novo,,094.857.109-85,(42) 99814-3469,matheusfolda2@gmail.com,PR,Guarapuava ,,Borracheiro ,R$1.500-a-R$3.000,Sim,Casado(a).-Minha-esposa(o)-apóia.,Eu pense em que a maçonaria e uma instituição que apoia a família ea boa índole de todos ,,2026-06-10 14:43:00,masonhub.app@gmail.com,2026-06-10,,Matheus César Folda,5542998143469,5542998143469
177,Joao pedro gris,,Entrevista agendada,,044.807.681-06,(66) 99658-0062,Joaopedrogris82@gmail.com,PR,Iporã,,Autônomo ,R$1.500-a-R$3.000,Sim,Não-sou-casado(a),,,2026-07-09 23:23:00,masonhub.app@gmail.com,2026-06-10,,Joao Pedro Gris,5566996580062,5566996580062
209,Luiz Eduardo Alves ,,Novo,,107.773.599-52,(93) 98128-9045,luizeduardo7570@gmail.com,PR,Lidianópolis ,,Motorista ,R$6.001-a-R$10.000,Sim,Casado(a).-Minha-esposa(o)-apóia.,Entendo algumas coisas apenas ,,2026-06-10 14:43:00,masonhub.app@gmail.com,2026-06-10,,Luiz Eduardo Alves,5593981289045,5593981289045
446,Bruno,Rodrigues,Entrevista agendada,,05965972950,43 996915298,777gratidaogratidao@gmail.com,PR,Londrina,centro,emfermiro,R$6.001-a-R$10.000,Sim,Não-sou-casado(a),Tenho algo dentro de mim que sempre  busca a luz maçonaria  quero mudar minha realidade aceitar e crer algo maior,,2026-07-09 23:24:00,masonhub.app@gmail.com,2026-06-21,,Bruno,5543996915298,5543996915298
210,Rodrigo Ribeiro Fernandes,,Entrevista agendada,,101.483.859-23,(43) 99904-8945,rodrigo01031994@gmail.com,PR,Nova Fátima,,"Administrador, Engenheiro Agrônomo.",R$1.500-a-R$3.000,Sim,Casado(a).-Minha-esposa(o)-apóia.,Não conheço muito mais conheço alguns maçon pelo pouco que falei com alguns local de muito estudo local para ajudar a transformar homens bom ainda melhores aprender os valores e princípios e local que um ajuda o outro local familiar onde a sua família virá família dos outros irmão e a família dos irmão virá sua família também.,,2026-07-10 00:48:00,masonhub.app@gmail.com,2026-06-10,,Rodrigo Ribeiro Fernandes,5543999048945,5543999048945
103,Eddi manoel dos santos Mateus ,,Novo,,119.535.189-58,(46) 99121-1306,edumanoel157@gmail.com,PR,Palmas ,,Gestor de manutenção industrial ,R$3.001-a-R$6.000,Sim,Não-sou-casado(a),"Família, união, respeito",,2026-06-10 14:43:00,masonhub.app@gmail.com,2026-06-10,,Eddi Manoel Dos Santos Mateus,5546991211306,5546991211306
295,Marcos Túlio de Paula estevam,,Novo,,117.730.826-63,(44) 99723-5472,marcostuli714@gmail.com,PR,Palotina,,Lubrificador ,R$1.500-a-R$3.000,Sim,Casado(a).-Minha-esposa(o)-apóia.,Grupo q irá de ajudar desenvolver como pessoa .,,2026-06-10 14:43:00,masonhub.app@gmail.com,2026-06-10,,Marcos Túlio De Paula Estevam,5544997235472,5544997235472
260,Josenildo pereira da Silva ,,Entrevista agendada,,735.451.041-68,(44) 99953-7135,j982607274@gmail.com,PR,Palotina ,,Pedreiro ,R$3.001-a-R$6.000,Sim,Não-sou-casado(a),Nada ainda mais acho que com a dicplina posso mudar minha vida ,,2026-07-10 18:05:00,masonhub.app@gmail.com,2026-06-10,,Josenildo Pereira Da Silva,5544999537135,5544999537135
90,Willian Henrick Nunes dos Santos ,,Novo,,122.327.139-03,(45) 99938-1544,henrickwillian0@gmail.com,PR,Paranaguá ,,Marinheiro ,R$1.500-a-R$3.000,Sim,Casado(a).-Minha-esposa(o)-apóia.,Um grupo discreto de homens sofisticados e apoiadores da evolução da alma ,,2026-06-10 14:43:00,masonhub.app@gmail.com,2026-06-10,,Willian Henrick Nunes Dos Santos,5545999381544,5545999381544
69,Cleiton Lima de Freitas ,,Entrevista agendada,,010.907.949-32,(44) 99111-3345,cleitonagtotam57@gmail.com,PR,Paranavaí ,,Vigilante ,R$3.001-a-R$6.000,Sim,Casado(a).-Minha-esposa(o)-não-apóia.,"São tantas histórias que ouço falar, mas tenho vontade de conhecer a loja. Mesmo sem o apoio da minha esposa.",,2026-07-09 23:45:00,masonhub.app@gmail.com,2026-06-10,,Cleiton Lima De Freitas,5544991113345,5544991113345
46,Salma andria dos Santos schallenberg ,,Novo,,111.598.219-25,(42) 99921-6671,Andriasalma698@gmail.com,PR,Piraí do sul ,,Trabalhadora rural ,R$1.500-a-R$3.000,Sim,Não-sou-casado(a),Não entendo muitas coisas! ,,2026-06-10 14:43:00,masonhub.app@gmail.com,2026-06-10,,Salma Andria Dos Santos Schallenberg,5542999216671,5542999216671
559,Kellmerson,Aquino de Sousa,Novo,,kellaquinosousa@gmail.com,41 99663-6913,kellaquinosousa@gmail.com,PR,quatro barras,gralha azul,kellaquinosousa@gmail.com,R$3.001-a-R$6.000,Sim,Casado(a).-Minha-esposa(o)-apóia.,Uma fraternidade de apoio aos membros dela praticante,,2026-07-03 16:03:00,masonhub.app@gmail.com,2026-07-03,,Kellmerson,5541996636913,5541996636913
696,Erik Miguel,Alves dos Santos,Novo,,10361029985,42 99905-7403,erikmiguelll09@gmail.com,PR,Rebouças,centro,estou me formando Medico Veterinario,R$3.001-a-R$6.000,Sim,Não-sou-casado(a),"Uma ordem filantrópica, no qual busca o conhecimento do homem e aperfeiçoamento, buscando ajudar a sociedade em ser melhor",,2026-08-27 12:12:00,masonhub.app@gmail.com,2026-08-27,,Erik Miguel,5542999057403,5542999057403
225,Tiago da Silva Rodrigues ,,Novo,,389.182.478-50,(43) 99169-0889,tiago_adventista@hotmail.com,PR,Rolândia ,,Autônomo ,R$3.001-a-R$6.000,Sim,Casado(a).-Minha-esposa(o)-apóia.,"Evolução e aprendizado do Homem, pois quero mudar minha realidade com essa evolução aos poucos ",,2026-06-10 14:43:00,masonhub.app@gmail.com,2026-06-10,,Tiago Da Silva Rodrigues,5543991690889,5543991690889
211,Vagner Rafaello Carniel ,,Novo,,030.877.759-08,(44) 99108-1181,,PR,Santo Antônio do Caiuá PR ,,Servidor público ,R$1.500-a-R$3.000,Sim,Casado(a).-Minha-esposa(o)-apóia.,Quero aprender ,,2026-06-10 14:43:00,masonhub.app@gmail.com,2026-06-10,,Vagner Rafaello Carniel,5544991081181,5544991081181
147,Angelo Antonio da luz juszczak ,,Novo,,086.027.189-77,(41) 98785-9496,gelojizezak@gmail.com,PR,São José da boa vista ,,Vigilante ,R$3.001-a-R$6.000,Sim,Não-sou-casado(a),"É uma sociesade filosófica e filantrópica ,onde membros se reúnem para buscar autoconhecimento e praticar caridade.",,2026-06-10 14:43:00,masonhub.app@gmail.com,2026-06-10,,Angelo Antonio Da Luz Juszczak,5541987859496,5541987859496
583,Bruno,Ribeiro,Reprovado,,04958938389,41 98434-9640,brunorichoficiall@gmail.com,PR,Sao Jose dos Pinhais,Parque da Fonte,Empresario de Consorcio,R$3.001-a-R$6.000,Sim,Casado(a).-Minha-esposa(o)-apóia.,"Trabalha o Iniciático, Filantropia e Irmandade! Respeito, admiro e sempre foi algo a que eu sinto fazer parte! Muito honroso entrar em contato com vocês e faço votos de que retornem!",,2026-07-21 02:05:00,gerson@masonhub.com.br,2026-07-06,,Bruno,5541984349640,5541984349640
162,BRUNO CORDEIRO,,Novo,,391.341.008-22,(41) 92003-7736,brunocordeirocamargo@gmail.com,PR,São José dos Pinhais,,Vigilante ,R$3.001-a-R$6.000,Sim,Não-sou-casado(a),,,2026-06-10 14:43:00,masonhub.app@gmail.com,2026-06-10,,Bruno Cordeiro,5541920037736,5541920037736
617,Delton Carneiro de Aguiar,Delton Carneiro de Aguiar,Contato realizado,,deltontrompete@gmail.com,41 99820-9686,deltontrompete@gmail.com,PR,São José dos Pinhais,Boneca do Iguaçu,deltontrompete@gmail.com,R$1.500-a-R$3.000,Sim,Casado(a).-Minha-esposa(o)-não-apóia.,"Uma sociedade fraterna, discreta que busca a evolução do ser humano.",,2026-07-21 20:03:00,gerson@masonhub.com.br,2026-07-21,,Delton Carneiro De Aguiar,5541998209686,5541998209686
457,Gecione Guimaraes,Gecione Guimaraes,Entrevista agendada,,gecionejoao1409@gmail.com,43 99129-7284,gecionejoao1409@gmail.com,PR,SãoJerônimodaSerra,Sãojoãodopinhal,gecionejoao1409@gmail.com,R$1.500-a-R$3.000,Sim,Casado(a).-Minha-esposa(o)-apóia.,Que são um grupo que ajuda os membros tanto em conselhos como apoio,,2026-07-09 23:45:00,masonhub.app@gmail.com,2026-06-24,,Gecione Guimaraes,5543991297284,5543991297284
552,Allan,Vieira Antunes,Entrevista agendada,,08427700970,42 98409-7353,allanvieira911@gmail.com,PR,Telêmaco Borba,bonavila,meio oficial de elétrica,R$1.500-a-R$3.000,Sim,Casado(a).-Minha-esposa(o)-apóia.,"A virtude de sermos um animal pensante é termos o discernimento de saber quando moldar a própria vida, a maçonaria pra mim é o começo de um passo importante para o conhecimento, mesmo que esse conhecimento exija responsabilidades e muita, mas muita paciência. Entendo por maçonaria o princípio mas nunca o fim de uma eterna evolução física, mental e espiritual.",,2026-07-09 23:27:00,masonhub.app@gmail.com,2026-07-02,,Allan,5542984097353,5542984097353
550,Allan,Vieira Antunes,Novo,,allanvieira911@gmail.com,42 98441-6768,allanvieira911@gmail.com,PR,Telêmaco Borba,bonavila,allanvieira911@gmail.com,R$1.500-a-R$3.000,Sim,Casado(a).-Minha-esposa(o)-apóia.,"Uma busca constante por aperfeiçoamento, ensinamentos para uma vida estratégica.",,2026-07-01 16:56:00,masonhub.app@gmail.com,2026-07-01,,Allan,5542984416768,5542984416768
266,claudemir do  nascimento,,Entrevista agendada,,335.836.708-84,(45) 98820-6202,claudemirnascimento866@gmail.com,PR,Toledo ,,Vendedor ,R$3.001-a-R$6.000,Sim,Não-sou-casado(a),Se trabalhar as virtudes ,,2026-07-10 18:04:00,masonhub.app@gmail.com,2026-06-10,,Claudemir Do  Nascimento,5545988206202,5545988206202
346,Richard Soares,Richard Soares,Entrevista agendada,,transporteescolar971@hotmail.com,41996695847,transporteescolar971@hotmail.com,PR,transporteescolar971@hotmail.com,transporteescolar971@hotmail.com,transporteescolar971@hotmail.com,Acima-de-R$10.000,Sim,Casado(a).-Minha-esposa(o)-apóia.,Evolução de conhecimento para o homem,,2026-07-09 23:25:00,masonhub.app@gmail.com,2026-06-12,,Richard Soares,5541996695847,5541996695847
293,ADRIANO LUCZKIEWICZ,,Entrevista agendada,,084.355.689-70,(42) 98861-1212,adrianokabel@gmail.com,PR,União da Vitória ,,Operador de empilhdeira ,R$1.500-a-R$3.000,Sim,Casado(a).-Minha-esposa(o)-apóia.,"Não sei muito, dei que é uma sociedade discreta, que busca aperfeiçoamento pessoal e espiritual...",,2026-07-10 00:47:00,masonhub.app@gmail.com,2026-06-10,,Adriano Luczkiewicz,5542988611212,5542988611212
39,Jeiziel caetano da Silva ,,Entrevista agendada,,131.097.939-11,(43) 99964-0611,Jeizielcaetanodasilva961@gmail.com,PR,Ventania,,Agente comunitário de saúde ,R$3.001-a-R$6.000,Sim,Não-sou-casado(a),Fraternidade e apoio,,2026-07-09 23:24:00,masonhub.app@gmail.com,2026-06-10,,Jeiziel Caetano Da Silva,5543999640611,5543999640611
399,Eliezer,Natalino,Novo,,08335352933,43 99978-1728,eliezernatalino00@gmail.com,PR,wenceslau Braz,Santa Madalena,Funcionario Publico Municipal,R$3.001-a-R$6.000,Sim,Casado(a).-Minha-esposa(o)-apóia.,"Estudos e ser uma pessoa melhor , entre você mesmo e a sociedade",,2026-06-16 17:15:00,masonhub.app@gmail.com,2026-06-16,,Eliezer,5543999781728,5543999781728
303,Daniel Henrique Nascimento ,,Novo,,100.118.497-11,(24) 99923-0427,danielhenriquenascimento35@gmail.com,RJ,Angra dos reis,,Eletricista,R$3.001-a-R$6.000,Sim,Não-sou-casado(a),"Nada,gostaria de conhecer pois procuro uma comunidade para fazer parte.",,2026-06-10 14:43:00,masonhub.app@gmail.com,2026-06-10,,Daniel Henrique Nascimento,5524999230427,5524999230427
353,Valdinei,Leandro,Novo,,valdineileandro18@gmail.com,22998633838,valdineileandro18@gmail.com,RJ,araruama,sao vicente,motorista de onibus,R$3.001-a-R$6.000,Sim,Casado(a).-Minha-esposa(o)-apóia.,Nada,,2026-06-12 15:28:00,masonhub.app@gmail.com,2026-06-12,,Valdinei,5522998633838,5522998633838
321,Jaaziel Henrique Rodrigues ,,Novo,,380.905.118-56,(22) 99262-7490,brazilian1988@gmail.com,RJ,Araruama ,,Altonomo,R$1.500-a-R$3.000,Sim,Casado(a).-Minha-esposa(o)-apóia.,Em ser uma pessoa melhor ,,2026-06-10 14:43:00,masonhub.app@gmail.com,2026-06-10,,Jaaziel Henrique Rodrigues,5522992627490,5522992627490
130,Fábio Lima Brandão ,,Novo,,071.165.257-00,(22) 99278-0034,fabiobrandaops@gmail.com,RJ,Araruama ,,Motorista carreteiro ,R$3.001-a-R$6.000,Sim,Casado(a).-Minha-esposa(o)-apóia.,"Amizade, família,irmandade,Deus, prosperidade...",,2026-06-10 14:43:00,masonhub.app@gmail.com,2026-06-10,,Fábio Lima Brandão,5522992780034,5522992780034
49,Eric Willian Deodoro da Silva ,,Novo,,158.658.987-36,(22) 99882-5750,ericw6268@gmail.com,RJ,Arraial Do Cabo,,,R$1.500-a-R$3.000,Sim,Casado(a).-Minha-esposa(o)-apóia.,Uma escola de moral filosofia e que forma homens melhores para sociedade .,,2026-06-10 14:43:00,masonhub.app@gmail.com,2026-06-10,,Eric Willian Deodoro Da Silva,5522998825750,5522998825750
633,CLAUDIANO CORTES DE OLIVEIRA,CLAUDIANO CORTES DE OLIVEIRA,Novo,,02528881703,24 99825-5555,claudiano.7710@gmail.com,RJ,Barra Mansa,Vila Nova,Diretor@de@TI,R$6.001-a-R$10.000,Sim,Casado(a).-Minha-esposa(o)-apóia.,Ensinamento e sabedoria,,2026-07-25 03:33:00,masonhub.app@gmail.com,2026-07-25,,Claudiano Cortes De Oliveira,5524998255555,5524998255555
61,Sidnei da Silva Tavares ,,Novo,,099.277.457-88,(27) 98137-0986,sidnei.tavares@hotmail.com,RJ,Búzios ,,Carpinteiro ,R$6.001-a-R$10.000,Sim,Casado(a).-Minha-esposa(o)-apóia.,Maçonaria no meu entendimento aprimora a vida do homem para moldar o.tal para sociedade melhor ainda uma pessoa escolhida para viver uma vida digna de respeito ,,2026-06-10 14:43:00,masonhub.app@gmail.com,2026-06-10,,Sidnei Da Silva Tavares,5527981370986,5527981370986
637,Welke,Paes mata,Novo,,17645291702,22 99740-4946,welke_paes@hotmail.com,RJ,campo dos goytacazes,pecuaria,comerciante@,Acima-de-R$10.000,Sim,Casado(a).-Minha-esposa(o)-apóia.,Não intendo muito mais admiro muito a conduta de umas pessoas que tive oportunidade de conhecer que era marçon,,2026-07-27 07:55:00,masonhub.app@gmail.com,2026-07-27,,Welke,5522997404946,5522997404946
249,IGOR Nunes Barbosa ,,Novo,,017.640.181-41,(22) 99759-1938,igornunes76@gmail.com,RJ,CAMPOS dos Goytacazes ,,Empresário ,Acima-de-R$10.000,Sim,Casado(a).-Minha-esposa(o)-não-apóia.,,,2026-06-10 14:43:00,masonhub.app@gmail.com,2026-06-10,,Igor Nunes Barbosa,5522997591938,5522997591938
190,Carlos Alberto Antonio ,,Novo,,555.019.907-68,(21) 96569-1266,carlosimprensaliberal@gmail.com,RJ,Capital/Centro,,Jornalista,Acima-de-R$10.000,Sim,Casado(a).-Minha-esposa(o)-apóia.,Uma sociedade acima de tudo de amor ao próximo. ,,2026-06-10 14:43:00,masonhub.app@gmail.com,2026-06-10,,Carlos Alberto Antonio,5521965691266,5521965691266
326,Gerson Gomes Junior ,,Novo,,119.404.077-29,(22) 99813-2054,gersongomes83@gmail.com,RJ,Casimiro de Abreu ,,Técnico mecânico ,R$3.001-a-R$6.000,Sim,Casado(a).-Minha-esposa(o)-apóia.,"Ordem ao qual se dedica a estudo, irmandade ao qual ambos buscam harmonia e crescimento espiritual.",,2026-06-10 14:43:00,masonhub.app@gmail.com,2026-06-10,,Gerson Gomes Junior,5522998132054,5522998132054
540,Douglas,Xavier da Silva,Novo,,16356360780,21 96679-8913,dodo13xavier@gmail.com,RJ,dodo13xavier@gmail.com,dodo13xavier@gmail.com,armazenista,R$1.500-a-R$3.000,Sim,Não-sou-casado(a),Queria conhecer mais sobre o intuito dessa fraternidade gostaria de obter conhecimento em todas as áreas,,2026-06-30 00:04:00,masonhub.app@gmail.com,2026-06-30,,Douglas,5521966798913,5521966798913
695,JOSEMAR,TOSCANO DA SILVA,Novo,,6m469411772,21 96818-2340,josemar124356@gmail.com,RJ,duque de caxias,parque lafaiete,empresario,R$1.500-a-R$3.000,Sim,Não-sou-casado(a),"A busca pelo aperfeiçoamento é conhecimento_x000D_
Humano, para tornar homens melhores, justos e próximos da perfeição.",,2026-08-26 15:18:00,masonhub.app@gmail.com,2026-08-26,,Josemar,5521968182340,5521968182340
335,Luis Gustavo,de oliveira Garcia,Novo,,gustavinxp1111@gmail.com,21982938785,gustavinxp1111@gmail.com,RJ,Duque de caxias,pilar,Barbeiro,R$1.500-a-R$3.000,Sim,Não-sou-casado(a),"Bom. No meu ponto de vista é uma sociedade discreta que guarda consigo segredos que não estão abertos para qualquer homem comum, mas tenho que ciência que não é apenas isto.",,2026-06-11 11:07:00,masonhub.app@gmail.com,2026-06-11,,Luis Gustavo,5521982938785,5521982938785
420,THIAGO,Paiva hora,Novo,,097869911737,21 96433-9065,thiagohora@ymail.com,RJ,duque de caxias,saracuruna,Motorista de caminhao,R$3.001-a-R$6.000,Sim,Não-sou-casado(a),"Melhor mais e mais como pessoa, ajudar ao próximo e poder ajude em melhoria da pessoas",,2026-06-18 16:49:00,masonhub.app@gmail.com,2026-06-18,,Thiago,5521964339065,5521964339065
259,Bruno Rocha,,Novo,,047.568.724-84,(21) 99202-9614,consbrunorocha@gmail.com,RJ,Duque de Caxias ,,Estou corretor,R$1.500-a-R$3.000,Sim,Casado(a).-Minha-esposa(o)-apóia.,Já tive um convite da escola de maçon porém não tiver o dinheiro da joia. Costume dizer que ainda não sou porém estou em busca de conhecimento para lapidar a pedra bruta.,,2026-06-10 14:43:00,masonhub.app@gmail.com,2026-06-10,,Bruno Rocha,5521992029614,5521992029614
25,Tiago Lacerda de Araújo ,,Novo,,124.842.797-10,(21) 98162-2667,tiagolacerda021@gmail.com,RJ,ItaboraÍ,,Funcionário público ,R$6.001-a-R$10.000,Sim,Casado(a).-Minha-esposa(o)-apóia.,Agrupamento de homens de bom caráter,,2026-06-10 14:43:00,masonhub.app@gmail.com,2026-06-10,,Tiago Lacerda De Araújo,5521981622667,5521981622667
140,Pablo Pereira de Castilho ,,Novo,,097.728.487-59,(24) 99211-2795,pablocastilho@msn.com,RJ,MacaÉ,,Técnico de Segurança do Trabalho ,R$3.001-a-R$6.000,Sim,Casado(a).-Minha-esposa(o)-apóia.,"Um lugar de lapidação do homem, de forjamento, aperfeiação do caráter e de prática boas ações ",,2026-06-10 14:43:00,masonhub.app@gmail.com,2026-06-10,,Pablo Pereira De Castilho,5524992112795,5524992112795
233,Charles Malheiros,,Novo,,141.182.196-33,(21) 98040-8088,chatyll@gmail.com,RJ,NilÓpolis,,Comercial ,R$3.001-a-R$6.000,Sim,Casado(a).-Minha-esposa(o)-apóia.,,,2026-06-10 14:43:00,masonhub.app@gmail.com,2026-06-10,,Charles Malheiros,5521980408088,5521980408088
169,Renan da Silva Carneiro ,,Novo,,172.374.227-90,(21) 97626-6563,renansilvacarneiro27@gmail.com,RJ,Nova Iguaçu ,,Mecânico,R$3.001-a-R$6.000,Sim,Casado(a).-Minha-esposa(o)-apóia.,Sabedoria ,,2026-06-10 14:43:00,masonhub.app@gmail.com,2026-06-10,,Renan Da Silva Carneiro,5521976266563,5521976266563
155,Filipe dos santos,,Novo,,058.650.687-09,(21) 96729-6444,filiperj21@gmail.com,RJ,Nova Iguaçu ,,Empresário ,R$6.001-a-R$10.000,Sim,Casado(a).-Minha-esposa(o)-apóia.,"Muita fe, respeito, gratidão í",,2026-06-10 14:43:00,masonhub.app@gmail.com,2026-06-10,,Filipe Dos Santos,5521967296444,5521967296444
227,Gilmar carvalho de gouvea,,Novo,,006.249.837-14,(24) 99217-7605,gilmarkxc@gmail.com,RJ,Paraíba do Sul,,Motorista,R$3.001-a-R$6.000,Sim,Casado(a).-Minha-esposa(o)-apóia.,Muito pouco .mas tenho visto que e uma religiao que estar sempre em pro da sociedade .costaria muito de poder participar de renioes,,2026-06-10 14:43:00,masonhub.app@gmail.com,2026-06-10,,Gilmar Carvalho De Gouvea,5524992177605,5524992177605
298,Rafael Chaudon Coutinho ,,Novo,,191.209.327-82,(21) 98574-7620,rafaelchaudoncoutinho@gmail.com,RJ,Resende ,,Securitário,R$3.001-a-R$6.000,Sim,Não-sou-casado(a),"Um grupo fraterno que visa o aperfeiçoamento pessoal e social, respeitando todas as crenças e servindo de uma grande escola filosófica para aqueles que buscam melhorar a si próprio, e a sociedade ",,2026-06-10 14:43:00,masonhub.app@gmail.com,2026-06-10,,Rafael Chaudon Coutinho,5521985747620,5521985747620
170,Paulo Jefferson,,Novo,,136.729.637-47,(21) 96703-3198,renata.contatos1@yahoo.com,RJ,Rio Bonito,,Motorista ,R$1.500-a-R$3.000,Sim,Não-sou-casado(a),União entre  eles  e crescimento ,,2026-06-10 14:43:00,masonhub.app@gmail.com,2026-06-10,,Paulo Jefferson,5521967033198,5521967033198
566,Wiliam,da Silva Nascimento,Novo,,07510021782,21 97275-9170,wiliamnascimento079@gmail.com,RJ,Rio Bonito,Boa Esperança,Empresario,R$6.001-a-R$10.000,Sim,Casado(a).-Minha-esposa(o)-apóia.,Uma irmandade!,,2026-07-04 20:24:00,masonhub.app@gmail.com,2026-07-04,,Wiliam,5521972759170,5521972759170
108,ARILDO DE MELLO MOREIRA,,Novo,,085.494.727-27,(21) 98890-9664,arildomoreira5@gmail.com,RJ,Rio de Janeiro,,Supervissor Offchore,Acima-de-R$10.000,Sim,Casado(a).-Minha-esposa(o)-apóia.,"  Entendo que é como se fosse uma religião onde os frequentadores são Homens; Porém para fazer parte existe alguns requisitos, Entre esses o caractér, honestidade, respeito, fidelidade, principios etc.",,2026-06-10 14:43:00,masonhub.app@gmail.com,2026-06-10,,Arildo De Mello Moreira,5521988909664,5521988909664
93,Fabiano de Lira Gomes,,Novo,,090.938.737-09,(21) 99541-0069,fabianogomesfarma@gmail.com,RJ,Rio De Janeiro,,Farmaceutico ,R$6.001-a-R$10.000,Sim,Casado(a).-Minha-esposa(o)-não-apóia.,"É uma sociedade fraternal e filosófica, e uma ordem iniciática e fraternal.",,2026-06-10 14:43:00,masonhub.app@gmail.com,2026-06-10,,Fabiano De Lira Gomes,5521995410069,5521995410069
56,Marco Aurélio Ferreira Dos Santos Benites,,Novo,,010.866.157-19,(21) 99918-1804,marco_benites@outlook.com,RJ,Rio de Janeiro,,Policial militar ,Acima-de-R$10.000,Sim,Não-sou-casado(a),Entendo q com estudos e práticas possa me tornar um serviço humano melhor dia a dia.,,2026-06-10 14:43:00,masonhub.app@gmail.com,2026-06-10,,Marco Aurélio Ferreira Dos Santos Benites,5521999181804,5521999181804
349,CARLOS,ALBERTO ANTONIO,Reprovado,,555.019.907-68,(21) 96569-1266,carlosimprensaliberal@gmail.com,RJ,RIO DE JANEIRO,CENTRO,Jornalista,Acima-de-R$10.000,Sim,Casado(a).-Minha-esposa(o)-apóia.,"Eu busco um grupo de pessoas de sociedade que, possamos em primeiro lugar confiar. Eu busco isso na Maçonaria._x000D_
O que sei muito pouco, quero com os irmãos aprender._x000D_
SERIEDADE E RESPONSABILIDADE , são meu perfil._x000D_
_x000D_
Renda Mensal: Entre 15 e 19 mil Reais Mensal ._x000D_
_x000D_
Residência:Rua de Santana 219 apto 402- CEP.20.230-260._x000D_
CENTRO-RIO DE JANEIRO.",feito ctt desistiu pq ligaram pedindo pix desistiu do processor.,2026-06-20 18:16:00,agnton@masonhub.com.br,2026-06-12,,Carlos,5521965691266,5521965691266
681,Deivid,Santos,Novo,,10433516470,84 98729-5359,Deiviid.santos92@gmail.com,RJ,rio de janeiro,inhauma,mecanico automotivo,R$3.001-a-R$6.000,Sim,Casado(a).-Minha-esposa(o)-apóia.,"Uma fraternidade muito que ajudar o homem ser um ser melhor para sociedade,desenvolvendo conhecimento e amor ao próximo",,2026-08-12 02:09:00,masonhub.app@gmail.com,2026-08-12,,Deivid,5584987295359,5584987295359
450,Heriq,Douglas,Novo,,15697902727,21 99524-4252,heriqdouglas90@gmail.com,RJ,rio de janeiro,maricá,operador de roçadeira,R$1.500-a-R$3.000,Sim,Casado(a).-Minha-esposa(o)-apóia.,Quase nada,,2026-06-23 01:21:00,masonhub.app@gmail.com,2026-06-23,,Heriq,5521995244252,5521995244252
665,Rafael Andrews França Vieira,Andrews,Novo,,132.394.937-21,21 96512-9909,rafaelfrancaa02@gmail.com,RJ,rio de janeiro,Padre Miguel,auxiliar de serviços gerais,R$1.500-a-R$3.000,Sim,Casado(a).-Minha-esposa(o)-apóia.,Entendo que quem esta passando por um momento difícil a maçonaria ajuda a conquistar os objetivos,,2026-08-02 22:09:00,masonhub.app@gmail.com,2026-08-02,,Rafael Andrews França Vieira,5521965129909,5521965129909
470,Marco,Aurélio Ferreira dos Santos Benites,Novo,,0108665719,21 99918-1804,marco_benites@outlook.com,RJ,Rio de Janeiro,Recreio dos Bandeirantes,policial militar,Acima-de-R$10.000,Sim,Não-sou-casado(a),Entendo q e uma fraternidade empenhada em ensino filósofo para que cada homem se conheca melhor e melhores dia adia como um serviço humano melhor atravéz da fraternidade e ajuda ao próximo,,2026-06-26 21:12:00,masonhub.app@gmail.com,2026-06-26,,Marco,5521999181804,5521999181804
274,Claudinei ferreira ,,Novo,,088.777.742-04,(21) 97596-7802,claudinei.sil.fer@gmail.com,RJ,Rio de janeiro ,,Construtor ,Acima-de-R$10.000,Sim,Casado(a).-Minha-esposa(o)-apóia.,Tenho vontade de conhecer ,,2026-06-10 14:43:00,masonhub.app@gmail.com,2026-06-10,,Claudinei Ferreira,5521975967802,5521975967802
117,Amarildo Santos Cardozo ,,Novo,,671.129.787-34,(21) 99677-6336,amarildosantos50@yahoo.com.br,RJ,Rio de janeiro ,,Militar ,R$6.001-a-R$10.000,Sim,Não-sou-casado(a),"É uma ordem, que faz o homem se uma pessoa melhor em todos os sentidos, mais tem que ser lapidado, para melhorar a cada dia, e ser melhor para a sociedade. ",,2026-06-10 14:43:00,masonhub.app@gmail.com,2026-06-10,,Amarildo Santos Cardozo,5521996776336,5521996776336
52,Josue de araujo junior,,Novo,,145.376.847-55,(21) 98153-1932,josuearautesjc21@gmail.com,RJ,Rio de Janeiro ,,Garçom ,R$1.500-a-R$3.000,Sim,Não-sou-casado(a),É  uma instituição discreta que ajudar a ter a visão aprimoramento moral do ser humano a ser melhor e através trás reflexões a virtudes ,,2026-06-10 14:43:00,masonhub.app@gmail.com,2026-06-10,,Josue De Araujo Junior,5521981531932,5521981531932
702,Andrew cordeiro da Silva,Andrew cordeiro da Silva,Novo,,122.909.467-96,22 99622-1406,cordeiroandrew646@gmail.com,RJ,Riodasostras,recanto,técnico em edificações,R$6.001-a-R$10.000,Sim,Casado(a).-Minha-esposa(o)-apóia.,"Entendo que a maçonaria e um grupo onde se busca a própria evolução intelectual, mental e social estando em constante aprendizado e repassando o conhecimento aos que carecem desse saber.",,2026-09-03 18:18:00,masonhub.app@gmail.com,2026-09-03,,Andrew Cordeiro Da Silva,5522996221406,5522996221406
141,Tiago Anselmo da Silva ,,Novo,,065.569.919-88,(22) 99972-7045,tiagoanselmodasilvajt@gmail.com,RJ,Sao Francisco de itabapoana ,,Motoristas ,R$1.500-a-R$3.000,Sim,Casado(a).-Minha-esposa(o)-apóia.,Gostaria de conhecer ,,2026-06-10 14:43:00,masonhub.app@gmail.com,2026-06-10,,Tiago Anselmo Da Silva,5522999727045,5522999727045
33,Rafael Nunes Paluma ,,Novo,,154.397.747-26,(21) 98128-5592,rafaelpaluma94@gmail.com,RJ,SAO GONCALO,,Empresário ,R$3.001-a-R$6.000,Sim,Casado(a).-Minha-esposa(o)-apóia.,Ainda estou estudando  sobre ,,2026-06-10 14:43:00,masonhub.app@gmail.com,2026-06-10,,Rafael Nunes Paluma,5521981285592,5521981285592
178,Carlos Andre Lemos Costa Bandeira,,Novo,,661.000.623-72,(21) 99500-0554,maranhaoc185@gmail.com,RJ,São Gonçalo,,Gestor Operacional ,R$1.500-a-R$3.000,Sim,Casado(a).-Minha-esposa(o)-apóia.,"Fraternidade, ajuda as pessoas e melhorias individuais.",,2026-06-10 14:43:00,masonhub.app@gmail.com,2026-06-10,,Carlos Andre Lemos Costa Bandeira,5521995000554,5521995000554
300,Matheus de Souza santos,,Novo,,038.956.207-69,(21) 97644-586,eu.matheusrt2020@gmail.com,RJ,São João de Meriti ,,Barbeiro,R$3.001-a-R$6.000,Sim,Não-sou-casado(a),"Entendo pouco queria se aprofunda mais, mais entendo que ué a maçoria tem suas regras dentro dela e que é difícil entra ",,2026-06-10 14:43:00,masonhub.app@gmail.com,2026-06-10,,Matheus De Souza Santos,552197644586,552197644586
541,Douglas,Xavier,Novo,,16356360780,21 96679-8913,dodo13xavier@gmail.com,RJ,teresopolis,vargem grande,armazenista,R$1.500-a-R$3.000,Sim,Não-sou-casado(a),Queria conhecer mais e ter mais conhecimento sobre essa irmandade,,2026-06-30 00:07:00,masonhub.app@gmail.com,2026-06-30,,Douglas,5521966798913,5521966798913
270,João Pedro Bicalho da Silva ,,Novo,,134.307.476-27,(21) 97439-3793,joaopedrobicalhodasil@gmail.com,RJ,Teresopolis ,,Muisico,R$1.500-a-R$3.000,Sim,Casado(a).-Minha-esposa(o)-apóia.,Maçonaria e o novo surgimento do eu interior porém aceitando ser lapidado e moldado para ser um homem melhor a cada dia,,2026-06-10 14:43:00,masonhub.app@gmail.com,2026-06-10,,João Pedro Bicalho Da Silva,5521974393793,5521974393793
595,Eliandro,Schuwartz,Entrevista agendada,2026-07-23 14:00:00,05419236761,21 97929-9169,eliandroschuwartz@gmail.com,RJ,Valença,São José das Palmeiras,Militar Estadual,Acima-de-R$10.000,Sim,Casado(a).-Minha-esposa(o)-apóia.,São homens que procuram tornar-se pessoas melhores a cada dia.,,2026-07-22 15:38:00,gerson@masonhub.com.br,2026-07-11,,Eliandro,5521979299169,5521979299169
188,Igor santos,,Novo,,078.583.087-18,(24) 99303-0510,igorlunaiasmyn@gmail.com,RJ,Volta Redonda,,Motorista ,R$3.001-a-R$6.000,Sim,Casado(a).-Minha-esposa(o)-apóia.,Bem pouco ,,2026-06-10 14:43:00,masonhub.app@gmail.com,2026-06-10,,Igor Santos,5524993030510,5524993030510
101,Carlos Roberto Camilo,,Novo,,012.229.217-07,(24) 99826-3025,camilo_0493@hotmail.com,RJ,Volta Redonda,,Militar,R$6.001-a-R$10.000,Sim,Casado(a).-Minha-esposa(o)-apóia.,,,2026-06-10 14:43:00,masonhub.app@gmail.com,2026-06-10,,Carlos Roberto Camilo,5524998263025,5524998263025
261,Tiago Campos Alves ,,Novo,,114.290.197-19,(24) 99946-5384,thiagucampos7@gmail.com,RJ,volta redonda ,,Pintor ,R$1.500-a-R$3.000,Sim,Casado(a).-Minha-esposa(o)-apóia.,Que a maçonaria é algo de grande valor e crescimento espiritual com todas sabedoria e ensinamentos.,,2026-06-10 14:43:00,masonhub.app@gmail.com,2026-06-10,,Tiago Campos Alves,5524999465384,5524999465384
691,Roberto,Damasceno Bento,Novo,,robertodamascenobento746@gmail.com,24 99993-8544,robertodamascenobento746@gmail.com,RJ,VoltaRedonda,São João,robertodamascenobento746@gmail.com,R$1.500-a-R$3.000,Sim,Casado(a).-Minha-esposa(o)-apóia.,Nada mas gostaria muito de conhecer e participar,,2026-08-20 16:50:00,masonhub.app@gmail.com,2026-08-20,,Roberto,5524999938544,5524999938544
458,Pedro,Ícaro,Novo,,59108300,84 99696-8686,nazare.trairi@gmail.com,RN,Natal,Igapó,ASG,R$1.500-a-R$3.000,Sim,Não-sou-casado(a),Eu entendo que a maçonaria é uma ordem discreta que transformam homens comuns em homens sábios.,,2026-06-25 01:49:00,masonhub.app@gmail.com,2026-06-25,,Pedro,5584996968686,5584996968686
279,ricardo vicente,,Novo,,065.623.044-40,(84) 99620-0750,vicentericardo817@gmail.com,RN,Parnamirim,,,R$3.001-a-R$6.000,Sim,Não-sou-casado(a),,,2026-06-10 14:43:00,masonhub.app@gmail.com,2026-06-10,,Ricardo Vicente,5584996200750,5584996200750
203,Francisco noelildo de morais ,,Novo,,052.853.524-18,(41) 99193-3666,moraisnoelildo@gmail.com,RN,Parnamirim ,,Eletrotécnico ,R$3.001-a-R$6.000,Sim,Não-sou-casado(a),Organização secreta que transfoma pessoas ,,2026-06-10 14:43:00,masonhub.app@gmail.com,2026-06-10,,Francisco Noelildo De Morais,5541991933666,5541991933666
613,Francisco Marcio Feitosa,Martins,Reprovado,,778.555.744-68,84 99189-5315,franciscomarciofeitosam@gmail.com,RN,São Gonçalodo Amarante,Amarante,Desenvolvedor de aplicativo,R$1.500-a-R$3.000,Sim,Não-sou-casado(a),Um ambiente fraterno.,,2026-07-21 01:03:00,gerson@masonhub.com.br,2026-07-20,,Francisco Marcio Feitosa,5584991895315,5584991895315
388,José carlos Dias,José carlos Dias,Novo,,00546123147,69 98472-8752,diasjosecarlos044@gmail.com,RO,Espigão do Oeste,bairro sao jose,mecânico industrial,R$1.500-a-R$3.000,Sim,Não-sou-casado(a),Ganha conhecimento em todas as areas,,2026-06-16 03:17:00,masonhub.app@gmail.com,2026-06-16,,José Carlos Dias,5569984728752,5569984728752
625,Brian,Oliveira,Novo,,11059382202,69 99228-3604,braiamvianna28@gmail.com,RO,porto velho,tranquedo neves,autonomo,R$1.500-a-R$3.000,Sim,Não-sou-casado(a),Ainda nada mais quero ser membro,,2026-07-23 01:15:00,masonhub.app@gmail.com,2026-07-23,,Brian,5569992283604,5569992283604
376,Kaike,Carvalho,Novo,,06619829201,69 99297-4023,kaikecarvalho74@gmail.com,RO,porto velho,tres marias,auxiliar de depósito,R$1.500-a-R$3.000,Sim,Não-sou-casado(a),"A Maçonaria é uma organização que reúne pessoas para promover valores como ética, desenvolvimento pessoal, solidariedade e ajuda ao próximo",,2026-06-15 02:17:00,masonhub.app@gmail.com,2026-06-15,,Kaike,5569992974023,5569992974023
263,Dieive Assis dos Santos ,,Novo,,015.073.932-02,(69) 99299-6245,dieiveassis@gmail.com,RO,Porto velho ,,Auxiliar de mecânico ,R$1.500-a-R$3.000,Sim,Não-sou-casado(a),,,2026-06-10 14:43:00,masonhub.app@gmail.com,2026-06-10,,Dieive Assis Dos Santos,5569992996245,5569992996245
20,Bruno duquesme faria,,Novo,,039.306.242-22,(69) 99328-1562,bruno_duquesme@hotmail.com,RO,Vilhena,,Motorista carreteiro,R$6.001-a-R$10.000,Sim,Casado(a).-Minha-esposa(o)-apóia.,"Não entendo muito, mais sei que se trata de uma fraternidade a qual desde criança sempre tive o sonho ou esperança de um dia poder fazer parte.",,2026-06-10 14:43:00,masonhub.app@gmail.com,2026-06-10,,Bruno Duquesme Faria,5569993281562,5569993281562
657,Dhenneffer,Lemes,Novo,,06300407292,69 99301-5443,dhennefferlemes217@gmail.com,RO,vilhena,embratel,nao tenho,R$1.500-a-R$3.000,Sim,Não-sou-casado(a),Não entendo muito mas qro muito conhecer e entender como funciona as coisass,,2026-07-31 16:49:00,masonhub.app@gmail.com,2026-07-31,,Dhenneffer,5569993015443,5569993015443
656,Dhenneffer lemes de almeida,Dhenneffer lemes de almeida,Novo,,06300407293,69 99301-5443,dhennefferlemes271@gmil.com,RO,vilhena,embratel,nao tenho,R$1.500-a-R$3.000,Sim,Não-sou-casado(a),Não entendo muito mas quero entender,,2026-07-31 16:36:00,masonhub.app@gmail.com,2026-07-31,,Dhenneffer Lemes De Almeida,5569993015443,5569993015443
159,Dionatas de Sousa Ferreira ,,Novo,,000.519.122-01,(69) 99234-1107,dionatas_21@hotmail.com,RO,Vilhena ,,Eletricista de caminhão ,R$1.500-a-R$3.000,Sim,Casado(a).-Minha-esposa(o)-apóia.,A maçonaria e uma faculdade onde homem entram e são transformado em em pedra lapidar e acabam se tornando homem de verdade ,,2026-06-10 14:43:00,masonhub.app@gmail.com,2026-06-10,,Dionatas De Sousa Ferreira,5569992341107,5569992341107
121,Joaquim Vieira Neto ,,Novo,,011.553.982-46,(69) 99972-9754,Pastorjoaquimv@gmail.com,RO,Vilhena ,,Repositor ,R$1.500-a-R$3.000,Sim,Não-sou-casado(a),"Uma irmandade discreta, que busca o desenvolvimento pessoal com ações filantrópicas e filosoficas.",,2026-06-10 14:43:00,masonhub.app@gmail.com,2026-06-10,,Joaquim Vieira Neto,5569999729754,5569999729754
447,Adriano,Greco,Novo,,508.292.032-49,95 92000-7705,grecoadriano78@gmail.com,RR,boavista,Silvio leite,mei,R$3.001-a-R$6.000,Sim,Não-sou-casado(a),Mudança de pensamentos e comportamentos,,2026-06-22 04:27:00,masonhub.app@gmail.com,2026-06-22,,Adriano,5595920007705,5595920007705
609,Leandro,Castro,Reprovado,,01757181059,55 98105-4969,tiagocasyroc@gmail.com,RS,alegrete,independência,mercado fimanceiro,R$1.500-a-R$3.000,Sim,Não-sou-casado(a),Nao entendo nada nao conheço nada,,2026-07-22 17:27:00,gerson@masonhub.com.br,2026-07-17,,Leandro,5555981054969,5555981054969
562,Pedro Leonardo,Fernandes Porto Souza,Novo,,99438070087,51 99305-9663,pedrofernandes1437@gmail.com,RS,alvorada,jardim alvorada,vigilante,R$3.001-a-R$6.000,Sim,Casado(a).-Minha-esposa(o)-apóia.,"éuma sociedade fraternal e iniciática que promove o aperfeiçoamento moral, intelectual e social da humanidade",,2026-07-04 02:09:00,masonhub.app@gmail.com,2026-07-04,,Pedro Leonardo,5551993059663,5551993059663
553,Vitor Mateus,Vieira Pessoa,Novo,,00026082004,53 99953-9439,vitorvierapessoa@outlook.com,RS,Bage,Arvorezinha,Emcarregado,R$3.001-a-R$6.000,Sim,Casado(a).-Minha-esposa(o)-apóia.,Nada,,2026-07-02 19:19:00,masonhub.app@gmail.com,2026-07-02,,Vitor Mateus,5553999539439,5553999539439
664,Eduardo,Lima dos Santos,Novo,,eduardosantosgremista013@gmail.com,51 99880-5358,eduardosantosgremista013@gmail.com,RS,Barra do Ribeiro,Três Vendas,eduardosantosgremista013@gmail.com,Acima-de-R$10.000,Sim,Não-sou-casado(a),entendo que a maçonaria é uma sociedade que busca o desenvolvimento pessoal e da sociedade.,,2026-08-02 03:23:00,masonhub.app@gmail.com,2026-08-02,,Eduardo,5551998805358,5551998805358
639,Vanderlei Provensi,Vanderlei Provensi,Novo,,696.071.760-49,54 99641-7643,vanderleiprovensi@gmail.com,RS,BentoGonçalves,Fenavinho,motorista dotransportecoletivo,R$6.001-a-R$10.000,Sim,Casado(a).-Minha-esposa(o)-apóia.,Pouca coisa entendo .sei que falam muito bem  sobre essa religião  por ser muito correta nos princípio de família,,2026-07-27 20:39:00,masonhub.app@gmail.com,2026-07-27,,Vanderlei Provensi,5554996417643,5554996417643
161,Mario Luis De Souza Ribeiro Souza Ribeiro,,Novo,,002.118.070-95,(51) 98936-1636,marioluisdesouzaribeiros@gmail.com,RS,Camaquã,,,R$1.500-a-R$3.000,Sim,Casado(a).-Minha-esposa(o)-apóia.,Oque  eu entendo e que a maçonaria e um lugar onde todos se  respeitam e ajudam um ao outro como irmão ,,2026-06-10 14:43:00,masonhub.app@gmail.com,2026-06-10,,Mario Luis De Souza Ribeiro Souza Ribeiro,5551989361636,5551989361636
256,João Daniel Camera de Castro,,Novo,,047.742.120-24,(54) 99655-4016,jd.castro0906@gmail.com,RS,Campos Borges,,Agricultor,R$1.500-a-R$3.000,Sim,Não-sou-casado(a),,,2026-06-10 14:43:00,masonhub.app@gmail.com,2026-06-10,,João Daniel Camera De Castro,5554996554016,5554996554016
382,João Daniel,Camera de Castro,Novo,,04774212024,54 99655-4016,jd.castro0906@gmail.com,RS,Campos Borges,Interior,Agricultor,R$3.001-a-R$6.000,Sim,Não-sou-casado(a),"A maçonaria eu entendo por ser uma Ordem que visa transformar o homem, moral e ético, de forma que esse homem transforme tudo a sua volta.",,2026-06-15 22:30:00,masonhub.app@gmail.com,2026-06-15,,João Daniel,5554996554016,5554996554016
119,Natanael de Borba Bengoa ,,Novo,,861.397.970-04,(51) 99937-0079,natanaelborba0@gmail.com,RS,Canguçu ,,Construtoror ,R$3.001-a-R$6.000,Sim,Não-sou-casado(a),"O pouco que sei , é que na maçonaria temos a oportunidade de lapidar a ci mesmo e crescer mentalmente e espiritualmente.",,2026-06-10 14:43:00,masonhub.app@gmail.com,2026-06-10,,Natanael De Borba Bengoa,5551999370079,5551999370079
676,Leonardo,Eloi nery,Novo,,97257842000,51 99187-7376,leonardoelonery@gmail.com,RS,canoas,estancia velha,operador de empilhadeira de camara fria,R$3.001-a-R$6.000,Sim,Casado(a).-Minha-esposa(o)-apóia.,"Conhecimento ,religiosidade, sabedoria , lealdade ,ajudar o próximo necessitado",,2026-08-08 15:16:00,masonhub.app@gmail.com,2026-08-08,,Leonardo,5551991877376,5551991877376
443,Leonardo,Eloi nery,Novo,,97257842000,'+55 51 99187-7346,leonardoeloinery@gmail.com,RS,canoas,estancia velha,operador de empilhadeira 1,R$3.001-a-R$6.000,Sim,Casado(a).-Minha-esposa(o)-apóia.,"Entendo por ser uma ordem secreta , que procura o melhor para a sociedade  ,e para mundo",,2026-06-21 16:31:00,masonhub.app@gmail.com,2026-06-21,,Leonardo,5551991877346,5551991877346
610,Julio,César Rangel Wagner,Reprovado,,91277272034,51 99664-4915,juliocrw@gmail.com,RS,Canoas,Igara,Psicólogo Acupunturista e futuro Enfermeiro,R$1.500-a-R$3.000,Sim,Casado(a).-Minha-esposa(o)-apóia.,"Uma entidade antiga, que se reúnem para  estudarem e fazerem o bem , em prol da evolução da humanidade._x000D_
Um grupo que detém um conhecimento antigo.",,2026-07-21 00:11:00,gerson@masonhub.com.br,2026-07-17,,Julio,5551996644915,5551996644915
154,Cristtían fischer ,,Novo,,023.885.780-86,(51) 99991-1191,criscastrofischer@gmail.com,RS,Canoas ,,Empresário,Acima-de-R$10.000,Sim,Casado(a).-Minha-esposa(o)-apóia.,,,2026-06-10 14:43:00,masonhub.app@gmail.com,2026-06-10,,Cristtían Fischer,5551999911191,5551999911191
206,Giodalmoro Dalmoro,,Novo,,966.941.140-87,(54) 98114-5585,giodalmoro@gmail.com,RS,Caxias Do Sul,,Representante Comercial ,R$3.001-a-R$6.000,Sim,Casado(a).-Minha-esposa(o)-não-apóia.,Encontros de pessoas com objetivos em comum,,2026-06-10 14:43:00,masonhub.app@gmail.com,2026-06-10,,Giodalmoro Dalmoro,5554981145585,5554981145585
539,Paulo Celso garcez,Paulo Celso garcez,Novo,,477.404.771-68,55 99979-4793,Paulocelsogarcez@gmail.com.br,RS,Coronel bicaco,nova esperança,metalúrgico. proprietário,R$3.001-a-R$6.000,Sim,Casado(a).-Minha-esposa(o)-apóia.,não tive uma oportunidade de participar tenho um sonho de fazer parte,,2026-06-29 23:45:00,masonhub.app@gmail.com,2026-06-29,,Paulo Celso Garcez,5555999794793,5555999794793
538,Paulo Celso garcez,garcez,Novo,,477.404.771-68,55 99979-4793,Paulocelsogarcez@gmail.com.br,RS,Coronel bicaco,nova esperança,metalúrgico proprietário,R$3.001-a-R$6.000,Sim,Casado(a).-Minha-esposa(o)-apóia.,só eu tenho interesse em poder participar poder ter uma oportunidade de conhecer novos orientações,,2026-06-29 23:41:00,masonhub.app@gmail.com,2026-06-29,,Paulo Celso Garcez,5555999794793,5555999794793
186,Edson Pamplona Colina ,,Novo,,525.083.070-68,(55) 53999-1046,edsoncolina56@gmail.com,RS,Dom Pedrito rio grande do sul ,,Operador de máquinas,R$1.500-a-R$3.000,Sim,Casado(a).-Minha-esposa(o)-apóia.,,,2026-06-10 14:43:00,masonhub.app@gmail.com,2026-06-10,,Edson Pamplona Colina,5555539991046,5555539991046
214,Acácio Corrêa de Mattos ,,Novo,,981.494.400-97,(55) 99182-4153,acaciomattos888@gmail.con,RS,Montenegro ,,Aposentado ,R$1.500-a-R$3.000,Sim,Não-sou-casado(a),Sociedade bem sucedida que pode mudar a vida ,,2026-06-10 14:43:00,masonhub.app@gmail.com,2026-06-10,,Acácio Corrêa De Mattos,5555991824153,5555991824153
614,Jhonatan,Anger Aquino,Contato realizado,,01633118937,51 99453-8693,angerjhow@gmail.com,RS,Novo Hambrugo,Lomba Grande,trabalho por conta faço manutenção em postos de combustivel,Acima-de-R$10.000,Sim,Casado(a).-Minha-esposa(o)-apóia.,Que é os irmão de uma ajuda o outro a ser uma pessoa melhor,,2026-07-20 23:52:00,gerson@masonhub.com.br,2026-07-20,,Jhonatan,5551994538693,5551994538693
230,Ismael Pinheiro Araujo ,,Novo,,353.166.590-15,(51) 99899-1047,ismael4g@gmail.com,RS,Novo Hamburgo ,,Fiscal Municipal ,R$3.001-a-R$6.000,Sim,Não-sou-casado(a),"Entendo a Maçonaria como uma sociedade discreta, iniciática e filosófica, cujos membros se dedicam ao autodesenvolvimento intelectual e moral, guiados por princípios como liberdade, igualdade e fraternidade.",,2026-06-10 14:43:00,masonhub.app@gmail.com,2026-06-10,,Ismael Pinheiro Araujo,5551998991047,5551998991047
642,Denis,Jacques,Novo,,72852219004,55 99921-7002,jacquesdenis1812@gmail.com,RS,Panambi,Fensterseifer,supervisor montagem industrial,R$6.001-a-R$10.000,Sim,Casado(a).-Minha-esposa(o)-apóia.,"Conhecimento de si e do mundo como um todo, formação de pilares e auto ajuda",,2026-07-28 01:29:00,masonhub.app@gmail.com,2026-07-28,,Denis,5555999217002,5555999217002
679,Moises Santos,Moises Santos,Novo,,moisesmello380@gmail.com,54 99252-8246,moisesmello380@gmail.com,RS,Passo fundo,Donaria,moisesmello380@gmail.com,R$1.500-a-R$3.000,Sim,Não-sou-casado(a),Conheço pouco estou estudando para me aperfeiçoar ainda mais entendo que posso me tornar um novo homem uma pessoa melhor perante sociedade e ter bons costumes,,2026-08-10 22:07:00,masonhub.app@gmail.com,2026-08-10,,Moises Santos,5554992528246,5554992528246
619,Moises,Mello,Novo,,04695560054,54 99252-8246,moisesmello380@gmail.com,RS,Passo fundo,Donaria,empreendedor,R$1.500-a-R$3.000,Sim,Não-sou-casado(a),Já ouvi falar que posso me tornar alguém melhor novo homem com bons princípios,,2026-07-21 22:06:00,masonhub.app@gmail.com,2026-07-21,,Moises,5554992528246,5554992528246
680,Moises,Moises Santos,Novo,,04695560054,54 99252-8246,moisesmello380@gmail.com,RS,Passo fundo,santa marta,Emprendedor,R$1.500-a-R$3.000,Sim,Não-sou-casado(a),Entendo que vcs fazem um homem melhor sou honesto trabalhador esforçado dedicado e tenho esse desejo só preciso dessa oportunidade pra está engrossando na ordem agradeço desde já,,2026-08-12 00:59:00,masonhub.app@gmail.com,2026-08-12,,Moises,5554992528246,5554992528246
417,Paulo magaiver,Paulo magaiver,Novo,,paulocastano02@gmail.com,55 99629-7963,paulocastano02@gmail.com,RS,paulocastano02@gmail.com,paulocastano02@gmail.com,paulocastano02@gmail.com,R$1.500-a-R$3.000,Sim,Não-sou-casado(a),Ordem.onde são de boas costumes e vc aprende a como ser melhor se auto entender e ajudar  a mais pesoas,,2026-06-18 02:27:00,masonhub.app@gmail.com,2026-06-18,,Paulo Magaiver,5555996297963,5555996297963
621,Douglas,Fortes Lagranha,Novo,,01313780073,51 99990-0359,df.lagranha@gmail.com,RS,porto alegre,centro historico,Gerente,R$1.500-a-R$3.000,Sim,Não-sou-casado(a),Que maçonaria é filosofia de vida para ser homens melhor para nós e a sociedade.,,2026-07-22 03:53:00,masonhub.app@gmail.com,2026-07-22,,Douglas,5551999900359,5551999900359
618,Lucas,Aguiar,Contato realizado,,60176341005,51 98039-2786,soccerdez3@gmail.com,RS,porto alegre,petropolis,compra e venda,R$6.001-a-R$10.000,Sim,Não-sou-casado(a),Conhecimento,,2026-07-21 20:02:00,gerson@masonhub.com.br,2026-07-21,,Lucas,5551980392786,5551980392786
55,Roberto Elizandro De Moraes ,,Novo,,036.099.860-77,(55) 99224-6418,demoraesrobertoelizandro@gmail.com,RS,Santo augusto ,,"Designer Gráfico, empreendedor, musico.",R$1.500-a-R$3.000,Sim,Não-sou-casado(a),"Homens livres de bons costumes, com objetivo de fazer feliz a humanidade, e a sua lapidação moral.",,2026-06-10 14:43:00,masonhub.app@gmail.com,2026-06-10,,Roberto Elizandro De Moraes,5555992246418,5555992246418
558,William,Steinhaus,Novo,,williamsteinhaus46@gmail.com,51 98112-8275,williamsteinhaus46@gmail.com,RS,São jeronimo,bela vista,empresario,Acima-de-R$10.000,Sim,Casado(a).-Minha-esposa(o)-apóia.,Entendo q e uma loja aonde tem irmao q ajudam a ter disciplina diante da sociedade e em família respeito e lealdade,,2026-07-03 15:22:00,masonhub.app@gmail.com,2026-07-03,,William,5551981128275,5551981128275
291,David Martins Junior ,,Novo,,651.409.070-20,(53) 99705-6290,Alunoengenharia1974@gmail.com,RS,Sao jose do norte,,Mestre de obras,R$3.001-a-R$6.000,Sim,Casado(a).-Minha-esposa(o)-apóia.,"Uma irmandade, com principios, regras e conduta, que ajudam na transformação de um homem em algo maior.",,2026-06-10 14:43:00,masonhub.app@gmail.com,2026-06-10,,David Martins Junior,5553997056290,5553997056290
253,ANDRE DE LIMA ORIGE,,Novo,,000.540.510-61,(51) 99846-8350,origeandre@gmail.com,RS,Tramandaí,,Motorista carreteiro ,R$3.001-a-R$6.000,Sim,Não-sou-casado(a),,,2026-06-10 14:43:00,masonhub.app@gmail.com,2026-06-10,,Andre De Lima Orige,5551998468350,5551998468350
105,Júlio da Silva Santos ,,Novo,,945.271.050-00,(51) 99819-9511,jsconstrucoesk2@gmail.com,RS,Três coroas ,,Construtor,R$3.001-a-R$6.000,Sim,Casado(a).-Minha-esposa(o)-apóia.,Eu intendo que a maçonaria e como uma igreja tem as suas regras e seus ensinamentos.,,2026-06-10 14:43:00,masonhub.app@gmail.com,2026-06-10,,Júlio Da Silva Santos,5551998199511,5551998199511
462,Daniel,Rodrigues mota,Novo,,078364e7331,51 98133-9959,danielrodriguesmota43@gmail.com,RS,viamao,universal,cobranca,R$3.001-a-R$6.000,Sim,Não-sou-casado(a),Ter a oportunidade de entra e muda a. História,,2026-06-25 20:05:00,masonhub.app@gmail.com,2026-06-25,,Daniel,5551981339959,5551981339959
461,Charles Lima,Charles Lima,Contato realizado,,08958256940,47 99262-0416,charles.tj96@gmail.com,SC,Blumenau,itoupavazinha,Empressario,R$6.001-a-R$10.000,Sim,Casado(a).-Minha-esposa(o)-apóia.,"Sei que é uma das mais antigas e respeitadas fraternidades do mundo , e defende a liberdade de pensamento , acredito que tenho muito a agregar , aguardo o contato !",,2026-07-28 19:47:00,gerson@masonhub.com.br,2026-06-25,,Charles Lima,5547992620416,5547992620416
351,Robison,Kovalski,Contato realizado,,074.551.409-08,47997202488,kovalskirobison24@gmail.com,SC,Blumenau,ponta aguda,pedreiro,R$3.001-a-R$6.000,Sim,Casado(a).-Minha-esposa(o)-apóia.,Entender mais sobre as lojas,,2026-07-28 19:47:00,gerson@masonhub.com.br,2026-06-12,,Robison,5547997202488,5547997202488
339,Robison,Kovalski,Contato realizado,,074.551.409-08,47997202488,Kovalskirobison24@gmail.com,SC,blumenau,ponta aguda,pedreiro,R$3.001-a-R$6.000,Sim,Casado(a).-Minha-esposa(o)-apóia.,Ainda nao entedo nada,,2026-07-28 19:47:00,gerson@masonhub.com.br,2026-06-11,,Robison,5547997202488,5547997202488
180,Cleiton Costa Tomé ,,Contato realizado,,008.226.619-00,(47) 98813-4821,ketoct@outlook.com,SC,Blumenau ,,Farmacêutico ,Acima-de-R$10.000,Sim,Casado(a).-Minha-esposa(o)-apóia.,Uma fraternidade pra desenvolvimento pessoal e moral.,,2026-07-28 19:49:00,gerson@masonhub.com.br,2026-06-10,,Cleiton Costa Tomé,5547988134821,5547988134821
228,Ramon Fonseca ,,Contato realizado,,072.713.349-71,(49) 99187-1690,calfimassa2@gmail.com,SC,Caçador ,,Autonomo,R$6.001-a-R$10.000,Sim,Casado(a).-Minha-esposa(o)-apóia.,Acredito que seja um grupo de pessoas em busca de conhecimento e apredizado,,2026-07-28 19:49:00,gerson@masonhub.com.br,2026-06-10,,Ramon Fonseca,5549991871690,5549991871690
668,Jeferson,Texeira da Rosa,Novo,,03686308975,49 99802-9901,jefersondarosa30@yahoo.com.br,SC,Caibi,Centro,Motorista,R$6.001-a-R$10.000,Sim,Casado(a).-Minha-esposa(o)-apóia.,Quase nada,,2026-08-03 13:41:00,masonhub.app@gmail.com,2026-08-03,,Jeferson,5549998029901,5549998029901
604,RAFAEL VLADIMIR DE LA ROSA FERNANDEZ,RAFAEL VLADIMIR DE LA ROSA FERNANDEZ,Contato realizado,,rafael.delarosa.ve@gmail.com,49 92000-5954,rafael.delarosa.ve@gmail.com,SC,chapecó,Presidente medeci,rafael.delarosa.ve@gmail.com,R$1.500-a-R$3.000,Sim,Casado(a).-Minha-esposa(o)-apóia.,"Eu entendo a Maçonaria não como uma religião, mas como uma escola de aperfeiçoamento pessoal, onde um homem busca se tornar melhor através do estudo, da reflexão, da disciplina e do contato com outros homens que também procuram evoluir.",,2026-07-28 19:47:00,gerson@masonhub.com.br,2026-07-14,,Rafael Vladimir De La Rosa Fernandez,5549920005954,5549920005954
84,Gilvan Willian konig ,,Contato realizado,,095.415.499-18,(49) 99183-7157,dogdebengala@gmail.com,SC,Chapecó ,,Mecânico ,R$1.500-a-R$3.000,Sim,Não-sou-casado(a),,,2026-07-28 19:50:00,gerson@masonhub.com.br,2026-06-10,,Gilvan Willian Konig,5549991837157,5549991837157
367,Diego,Martinez,Contato realizado,,80020566980,49 99184-8451,anibalmartinezdiego26@gmail.ar,SC,Dionisio Cerqueira,joao cabo loureiro,Musico Profesional,R$3.001-a-R$6.000,Não,Não-sou-casado(a),Quero entender o verdadeiro conhecimento,,2026-07-28 19:47:00,gerson@masonhub.com.br,2026-06-13,,Diego,5549991848451,5549991848451
205,Silvio Borges da silva,,Contato realizado,,040.466.619-17,(49) 99825-3663,sborgesdasilva757@gmail.com,SC,Dionísio Cerqueira ,,Motorista de caminhão ,R$3.001-a-R$6.000,Sim,Não-sou-casado(a),Não entendo muito mais sei q são pessoas bem sucedida ,,2026-07-28 19:49:00,gerson@masonhub.com.br,2026-06-10,,Silvio Borges Da Silva,5549998253663,5549998253663
659,Estamos,De olho em você,Novo,,77431261020,33 3333-3333,embreve@vcsabera.com,SC,Florianopolis,Centro,observador,R$1.500-a-R$3.000,Sim,Casado(a).-Minha-esposa(o)-apóia.,"Estamos educadamente solicitando que você pare imediatamente com isso que estais fazendo. Você está passando dos limites permitidos. Já sabemos tudo que precisávamos saber sobre você. Não queremos nos incomodar, muito menos gerar prejuízo para o senhor. Então, gentilmente, para imediatamente com o que estais fazendo usando o nome da Ordem. Espero não encontrar seu Instagram e esse site novamente. Siga na luz, mas do jeito certo. Nunca é tarde pra aceitar os erros e recomeçar. TFA",,2026-08-01 01:04:00,masonhub.app@gmail.com,2026-08-01,,Estamos,553333333333,553333333333
149,Wallinson de Oliveira Silva,,Contato realizado,,084.599.877-36,(51) 99933-9475,wallinsonoliveira5@gmail.com,SC,Florianópolis,,Promotor de vendas ,R$3.001-a-R$6.000,Sim,Não-sou-casado(a),"Uma Fraternidade na qual o homem como pedra bruta pode ser lapidado moldado, assim, se tornando em uma pedra preciosa. ",,2026-07-28 19:49:00,gerson@masonhub.com.br,2026-06-10,,Wallinson De Oliveira Silva,5551999339475,5551999339475
163,Fernando leitzke,,Contato realizado,,089.328.219-76,(47) 99659-3202,germanyleitzke@gmail.com,SC,Garuva ,,Empresário ,R$6.001-a-R$10.000,Sim,Não-sou-casado(a),"Conjunto de homens buscando conhecimento , lapidando a si mesmo . ",,2026-07-28 19:49:00,gerson@masonhub.com.br,2026-06-10,,Fernando Leitzke,5547996593202,5547996593202
407,Adão Angelino monteiro,Monteiro,Contato realizado,,02769319981,49 99150-9818,monteiroadao098@gmail.com,SC,guarujadosul,pessegueiro,motorista,R$1.500-a-R$3.000,Sim,Casado(a).-Minha-esposa(o)-não-apóia.,Fe e prosperidade,,2026-07-28 19:47:00,gerson@masonhub.com.br,2026-06-17,,Adão Angelino Monteiro,5549991509818,5549991509818
643,Josemar,Lopes da graca,Contato realizado,,05911113902,47 99773-8454,lopesdagracajosemar@gmail.com,SC,itapoa,samambail,marceneiro,R$3.001-a-R$6.000,Sim,Casado(a).-Minha-esposa(o)-apóia.,Creio em Deus e quero aprender,,2026-07-28 19:47:00,gerson@masonhub.com.br,2026-07-28,,Josemar,5547997738454,5547997738454
319,Kelvyn kopp Rodrigues ,,Contato realizado,,080.820.699-02,(47) 98841-4789,koppkelvyn@gmail.com,SC,Jaraguá do Sul ,,Refrigeração ,R$1.500-a-R$3.000,Sim,Não-sou-casado(a),Não entendo mas quero muito conhecer ,,2026-07-28 19:47:00,gerson@masonhub.com.br,2026-06-10,,Kelvyn Kopp Rodrigues,5547988414789,5547988414789
104,Cleiton de Barros Francos ,,Contato realizado,,033.967.919-08,(47) 99211-9662,francoscleiton68@gmail.com,SC,Jaraguá do sul ,,Ferramenteiro de usinagem de precisão ,R$6.001-a-R$10.000,Sim,Casado(a).-Minha-esposa(o)-apóia.,É um lugar que se reúnem para ter mais sabedoria e conhecimento sobre os negócios da sociedade. ,,2026-07-28 19:49:00,gerson@masonhub.com.br,2026-06-10,,Cleiton De Barros Francos,5547992119662,5547992119662
322,Roque Rosemar batista ,,Contato realizado,,052.625.729-60,(49) 99834-5741,roque05460@gmail.com,SC,Maravilha ,,Motorista ,R$3.001-a-R$6.000,Sim,Casado(a).-Minha-esposa(o)-não-apóia.,Várias coisas e meu sonho dês de criança em crese na vida ser dono de empresa de transporte a vida endeira trabalho de empregado até hj não consegui nem minha cs própria eu quero ser maçom ,,2026-07-28 19:47:00,gerson@masonhub.com.br,2026-06-10,,Roque Rosemar Batista,5549998345741,5549998345741
454,Juliano Santana,Fiori,Contato realizado,,07541654930,48 98861-6692,julianofiori538@gmail.com,SC,Palhoca,bela vista,desepregado,R$1.500-a-R$3.000,Sim,Casado(a).-Minha-esposa(o)-não-apóia.,N muita coisa quase nda,,2026-07-28 19:47:00,gerson@masonhub.com.br,2026-06-24,,Juliano Santana,5548988616692,5548988616692
636,Edilberto,Antunes Dias,Contato realizado,,046.331.879-02,48 98410-3861,edilberto_antunes@hotmail.com,SC,Palhoça,Brejaru,edilberto_antunes@hotmail.com,R$3.001-a-R$6.000,Sim,Casado(a).-Minha-esposa(o)-apóia.,Quero conhecer,,2026-07-28 19:47:00,gerson@masonhub.com.br,2026-07-27,,Edilberto,5548984103861,5548984103861
675,Cleiton,Gil,Novo,,336.454.098-58,48 99210-4953,cleitonsilvagil@hotmail.com,SC,Palhoça,Guarda do Cubatão,Administrador,R$3.001-a-R$6.000,Sim,Não-sou-casado(a),"Venho, por meio deste texto, manifestar meu sincero interesse em ingressar na Ordem Maçônica, motivado pelo desejo de ampliar meus conhecimentos, desenvolver minhas virtudes e buscar constante evolução como ser humano._x000D_
_x000D_
Acredito que o verdadeiro crescimento está na busca contínua pelo aprendizado, na prática dos valores éticos e morais e no compromisso com o aperfeiçoamento pessoal. Tenho grande admiração pelos princípios de fraternidade, respeito, solidariedade e pela valorização da liberdade de pensamento, que reconheço como pilares da Maçonaria._x000D_
_x000D_
Meu objetivo é integrar uma instituição que incentiva o estudo, a reflexão e o desenvolvimento intelectual, moral e espiritual, permitindo que seus membros evoluam individualmente e contribuam de forma positiva para a sociedade._x000D_
_x000D_
Com humildade, disposição para aprender e respeito às tradições da Ordem, coloco-me à disposição para trilhar esse caminho de conhecimento e crescimento, consciente das responsabilidades que acompanham essa jornada._x000D_
_x000D_
Espero ter a oportunidade de conhecer mais profundamente os ensinamentos da Maçonaria e, se considerado digno, fazer parte dessa respeitável instituição, contribuindo com dedicação, lealdade e compromisso com seus elevados princípios.",,2026-08-08 13:13:00,masonhub.app@gmail.com,2026-08-08,,Cleiton,5548992104953,5548992104953
307,Anderson Luiz Padilha de Morais ,,Contato realizado,,037.165.969-81,(47) 99155-3574,papasdapizza@gmail.com,SC,Papanduva ,,Vigilante ,R$3.001-a-R$6.000,Sim,Casado(a).-Minha-esposa(o)-apóia.,"Estudo de crescimento pessoal, e evolutivo, podendo dividir e aprender com toda fraternidade ",,2026-07-28 19:49:00,gerson@masonhub.com.br,2026-06-10,,Anderson Luiz Padilha De Morais,5547991553574,5547991553574
64,Rafael Agenor De Abreu,,Contato realizado,,065.797.869-81,(47) 99627-6996,rafaelagenord@gmail.com,SC,Petrolândia,,Motorista de caminhão ,R$3.001-a-R$6.000,Sim,Casado(a).-Minha-esposa(o)-apóia.,Nao  intendo nada ,,2026-07-28 19:50:00,gerson@masonhub.com.br,2026-06-10,,Rafael Agenor De Abreu,5547996276996,5547996276996
92,Marcos Cesar valperes ,,Contato realizado,,830.805.709-87,(42) 98890-2466,valperesevalperes@gmail.com,SC,Porto União ,,Empresário ,R$3.001-a-R$6.000,Sim,Não-sou-casado(a),"Entendo que a maçonaria, é um grupo de pessoas que ajudam a mudar abitos dos novos membros, e que este por sua vez também leva para sempre o ensinamento ",,2026-07-28 19:50:00,gerson@masonhub.com.br,2026-06-10,,Marcos Cesar Valperes,5542988902466,5542988902466
138,Amarilson Huttl,,Contato realizado,,048.398.649-69,(47) 99616-1700,amarilson.direito@gmail.com,SC,Rio Negrinho ,,Empresário ,Acima-de-R$10.000,Sim,Casado(a).-Minha-esposa(o)-apóia.,,,2026-07-28 19:49:00,gerson@masonhub.com.br,2026-06-10,,Amarilson Huttl,5547996161700,5547996161700
281,Ezequiel Dill de Lima,,Contato realizado,,055.977.009-01,(47) 99653-9645,ezekieldelima@gmail.com,SC,Santa Cecília,,Empresário ,R$3.001-a-R$6.000,Sim,Casado(a).-Minha-esposa(o)-apóia.,"União entre irmãos, homens de valor",,2026-07-28 19:49:00,gerson@masonhub.com.br,2026-06-10,,Ezequiel Dill De Lima,5547996539645,5547996539645
217,André Assis de Souza,,Contato realizado,,066.387.799-74,(48) 99115-1021,polako.power@gmail.com,SC,Santo Amaro da Imperatriz ,,Supervisor e Geradorista,R$3.001-a-R$6.000,Sim,Casado(a).-Minha-esposa(o)-apóia.,Procuro sempre aprender coisas novas e quero também me tornar uma pessoa melhor mas evoluída.,,2026-07-28 19:49:00,gerson@masonhub.com.br,2026-06-10,,André Assis De Souza,5548991151021,5548991151021
67,sergio Marcos da cruz ,,Contato realizado,,628.810.199-00,(47) 99712-2290,serigomarcos2@gmail.com,SC,SÃo Bento Do Sul,,Op.logistica,R$1.500-a-R$3.000,Sim,Casado(a).-Minha-esposa(o)-apóia.,Sei um pouco sobre ,,2026-07-28 19:50:00,gerson@masonhub.com.br,2026-06-10,,Sergio Marcos Da Cruz,5547997122290,5547997122290
204,Genilton ferreira de lima ,,Novo,,033.001.755-18,(79) 98866-1392,genilton10lima@gmail.com,SE,Aracaju ,,Mestre de obra ,R$3.001-a-R$6.000,Sim,Não-sou-casado(a),,,2026-06-10 14:43:00,masonhub.app@gmail.com,2026-06-10,,Genilton Ferreira De Lima,5579988661392,5579988661392
404,Cláudio Campos De Melo,Cláudio Campos De Melo,Novo,,01387070576,79 99965-2458,claudiocamposdemelo46@gmail.com,SE,Mrubreca,cridade,naotreprofissao,R$1.500-a-R$3.000,Não,Não-sou-casado(a),Framrila,,2026-06-17 08:29:00,masonhub.app@gmail.com,2026-06-17,,Cláudio Campos De Melo,5579999652458,5579999652458
369,Rafael,Figueiredo dos Santos,Contato realizado,,rafaelheitor0305@gmail.com,19 99982-9048,rafaelheitor0305@gmail.com,SP,americana,parque gramado,rafaelheitor0305@gmail.com,R$6.001-a-R$10.000,Sim,Casado(a).-Minha-esposa(o)-apóia.,"Um grupo, onde desenvolvemos nossas mentes para uma vida melhor, uma alta lapidação a nos mesmo",Gerson entrara em contato em 01/07 as 15h,2026-06-30 20:59:00,laise@masonhub.com.br,2026-06-14,,Rafael,5519999829048,5519999829048
95,Claudio donizeth calori ,,Contato realizado,,078.765.368-32,(19) 99716-7001,claudiodonizeth@yahoo.com.br,SP,Americana ,,Técnico ,R$3.001-a-R$6.000,Sim,Casado(a).-Minha-esposa(o)-apóia.,Pelo meu entendimento forma se pessoas dignas de caráter ,,2026-07-30 18:45:00,gerson@masonhub.com.br,2026-06-10,,Claudio Donizeth Calori,5519997167001,5519997167001
189,jeferson teixeira,,Contato realizado,,389.699.658-40,(18) 99680-6339,jefersonteixeira2026@gmail.com,SP,Andradina,,Barbeiro ,R$1.500-a-R$3.000,Sim,Casado(a).-Minha-esposa(o)-apóia.,"Lapidação , pra tornar um homen melhor ",,2026-07-30 18:44:00,gerson@masonhub.com.br,2026-06-10,,Jeferson Teixeira,5518996806339,5518996806339
355,Rodrigo Machado,Rodrigo Machado,Contato realizado,,antabill64@gmail.com,18997467541,antabill64@gmail.com,SP,Araçatuba,Atlantico 2,antabill64@gmail.com,R$1.500-a-R$3.000,Sim,Casado(a).-Minha-esposa(o)-apóia.,"Ter conhecimento e me moldar pra ser melhor , um pedido de socorro",,2026-07-30 18:43:00,gerson@masonhub.com.br,2026-06-12,,Rodrigo Machado,5518997467541,5518997467541
375,Angel Palomo,Angel Palomo,Contato realizado,,707.031.932-01,18 99793-6258,angel.palomo.guz258211@gmail.com,SP,Araçatuba,guanabara,angel.palomo.guz258211@gmail.com,R$1.500-a-R$3.000,Sim,Casado(a).-Minha-esposa(o)-não-apóia.,Um todo no universo,,2026-07-30 18:42:00,gerson@masonhub.com.br,2026-06-15,,Angel Palomo,5518997936258,5518997936258
394,Jefferson rosa da Silva arello,Arello 18991039521,Contato realizado,,28210201808,18 99103-9521,samueleeecomo@gmail.com,SP,aracatuba sp,cautry ville,vigia,R$3.001-a-R$6.000,Sim,Casado(a).-Minha-esposa(o)-apóia.,E tudo que cremos ao redor,,2026-07-30 18:42:00,gerson@masonhub.com.br,2026-06-16,,Jefferson Rosa Da Silva Arello,5518991039521,5518991039521
374,Fábio,Peverari Santos,Contato realizado,,29994727714,18 98154-8998,peverarifabio@gmail.com,SP,Araçatuba SP,Centro,Empresário,Acima-de-R$10.000,Sim,Casado(a).-Minha-esposa(o)-apóia.,Um Grande Grupo de Pessoas Com Grande Grau de Conhecimento!!!,,2026-07-30 18:43:00,gerson@masonhub.com.br,2026-06-15,,Fábio,5518981548998,5518981548998
663,David,Abreu Montanaro,Contato realizado,,22431498859,16 99411-1292,davidmontanaro@outlook.com,SP,Araraquara,Residencial Jatoba,Mecânico de Aeronaves,R$3.001-a-R$6.000,Sim,Casado(a).-Minha-esposa(o)-apóia.,"Não entendo muito sobre o assunto, mas gostaria de entender mais e me aprofundar.",,2026-08-07 19:18:00,gerson@masonhub.com.br,2026-08-01,,David,5516994111292,5516994111292
429,Régis Pereira de Souza,Régis Pereira de Souza,Contato realizado,,regispereiradesouzaadvogado@gmail.com,16 99217-7660,regispereiradesouzaadvogado@gmail.com,SP,Araraquara/SP,Vila Xavier,Motorista de caminhão,R$1.500-a-R$3.000,Sim,Não-sou-casado(a),Busca por conhecimento e formar uma boa rede de contatos.,Gerson deverá ligar após 20h de 30/06,2026-06-30 17:51:00,laise@masonhub.com.br,2026-06-18,,Régis Pereira De Souza,5516992177660,5516992177660
438,Marcos,Antônio,Contato realizado,,26968125862,11 91192-9852,11911929852marcos@gmail.com,SP,barueri,itaparica,e eletricista,R$1.500-a-R$3.000,Sim,Não-sou-casado(a),"Eu não sei nada sobre a maçonaria _x000D_
_x000D_
Eu estou esperando vc responder no futuro próximo para mim",ctt feito pelo zap 21/6 aguardando ret.,2026-06-21 15:15:00,agnton@masonhub.com.br,2026-06-19,,Marcos,5511911929852,5511911929852
359,jansle da costa,Melo,Contato realizado,,jansle.melo@hotmail.com,11 94781-1811,jansle.melo@hotmail.com,SP,barueri,vila jardim dos camargos,eletricista,R$3.001-a-R$6.000,Sim,Casado(a).-Minha-esposa(o)-apóia.,Sou Maçom a 21 anos,ctt feito via zap 11/7,2026-07-11 23:42:00,agnton@masonhub.com.br,2026-06-12,,Jansle Da Costa,5511947811811,5511947811811
237,Fábio Sergio do Carmo ,,Aprovado,,457.442.648-92,(11) 96111-5252,fabio123_sergio@hotmail.com,SP,Barueri ,,Transporte com Fiorino ,R$6.001-a-R$10.000,Sim,Casado(a).-Minha-esposa(o)-apóia.,Imagino que seja irmãos que se unem para ajudar e melhorar o homen para o mundo . Com sabedoria e espiruatualida .,ctt feito iniciado na loja gerson terça.,2026-06-21 17:29:00,agnton@masonhub.com.br,2026-06-10,,Fábio Sergio Do Carmo,5511961115252,5511961115252
232,Elian Jhonatan,,Contato realizado,,385.418.858-79,(13) 99767-7483,ejhonatan278@gmail.com,SP,Bertioga,,Vigilante ,R$3.001-a-R$6.000,Sim,Não-sou-casado(a),Nada ainda,,2026-07-30 18:44:00,gerson@masonhub.com.br,2026-06-10,,Elian Jhonatan,5513997677483,5513997677483
632,Mateus,Borges,Contato realizado,,614.065.173-56,16 99737-1141,mateusdev10@gmail.com,SP,Brodowski,João luiz de Vicente,Auxiliar de Produção,R$1.500-a-R$3.000,Sim,Não-sou-casado(a),"Pelo que conheço, a Maçonaria é uma instituição filosófica e fraternal que busca o aperfeiçoamento moral, intelectual e ético de seus membros.",,2026-07-30 18:40:00,gerson@masonhub.com.br,2026-07-24,,Mateus,5516997371141,5516997371141
627,Mateus Araújo,Mateus Borges,Contato realizado,,mateusdev10@gmail.com,16 99737-1141,mateusdev10@gmail.com,SP,Brodowski,João luizdeVicente,mateusdev10@gmail.com,R$1.500-a-R$3.000,Sim,Não-sou-casado(a),"Tenho um conhecimento básico sobre a Maçonaria e sei que ela valoriza princípios como fraternidade, moral e aperfeiçoamento do indivíduo.",,2026-07-27 22:56:00,gerson@masonhub.com.br,2026-07-24,,Mateus Araújo,5516997371141,5516997371141
631,Mateus,Borges,Contato realizado,,61406517356,16 99737-1141,mateusdev10@gmail.com,SP,Brodowski SP,João Luiz De Vicente.,mateusdev10@gmail.com,R$1.500-a-R$3.000,Sim,Não-sou-casado(a),"Pelo que conheço, a Maçonaria é uma instituição filosófica e fraternal que busca o aperfeiçoamento moral, intelectual e ético de seus membros.",,2026-07-30 18:40:00,gerson@masonhub.com.br,2026-07-24,,Mateus,5516997371141,5516997371141
75,José Airon da hora Barboza ,,Contato realizado,,400.577.978-62,(11) 96647-7098,aironbarborsa@gmail.com,SP,Caieiras ,,Gestor,R$6.001-a-R$10.000,Sim,Não-sou-casado(a),,ctt feito,2026-06-20 18:44:00,agnton@masonhub.com.br,2026-06-10,,José Airon Da Hora Barboza,5511966477098,5511966477098
392,José Carlos Batista,Carlos,Contato realizado,,09703515851,11 97200-2500,jcbconsultorias@hotmail.comj,SP,cajamar,lavrinha,EMPRESÁRIO,Acima-de-R$10.000,Sim,Casado(a).-Minha-esposa(o)-apóia.,Quero  aprender,,2026-07-30 18:42:00,gerson@masonhub.com.br,2026-06-16,,José Carlos Batista,5511972002500,5511972002500
241,Cleiton Alves de Oliveira,,Contato realizado,,380.114.598-05,(19) 99321-3423,cleitontr2695@gmail.com,SP,Campinas,,Soldador,R$3.001-a-R$6.000,Sim,Não-sou-casado(a),Tenho muita vontade de fazer parte mas maçonaria pra ter conhecimento sobre tudo a crédito eu que a maçonaria pode fazer me a ser uma pessoa melhor porque temos que ser justo em tudo,,2026-07-30 18:44:00,gerson@masonhub.com.br,2026-06-10,,Cleiton Alves De Oliveira,5519993213423,5519993213423
158,Murilo Ferreira de Freitas ,,Contato realizado,,030.326.574-40,(19) 99697-5066,murilofrrreir05@gmail.com,SP,Campinas,,Motorista ,R$3.001-a-R$6.000,Sim,Casado(a).-Minha-esposa(o)-apóia.,Uma instituição grande de homem de bom costumes ,,2026-07-30 18:45:00,gerson@masonhub.com.br,2026-06-10,,Murilo Ferreira De Freitas,5519996975066,5519996975066
686,Marcel Eric,Cordeiro,Novo,,37684311859,(19) 99186-1005,marcelcordeiro4@gmail.com,SP,campinas,jardim yeda,trabalho na área de segurança,R$1.500-a-R$3.000,Sim,Não-sou-casado(a),"Expresso meu respeito e interesse em me unir à Maçonaria, reconhecendo os valores essenciais da instituição. Com dedicação à busca por conhecimento e ao aprimoramento pessoal, compartilho a filosofia maçônica de verdade, moralidade e solidariedade. Busco não apenas enriquecer minha jornada espiritual, mas contribuir ativamente para os nobres objetivos da Ordem, promovendo valores como liberdade, igualdade e fraternidade. Estou ciente da dedicação necessária e pronto para abraçar os desafios desta jornada. Aguardo com esperança a oportunidade de fazer parte desta irmandade, contribuindo para o progresso da sociedade conforme os preceitos maçônicos._x000D_
_x000D_
Atenciosamente,",,2026-08-18 16:05:00,masonhub.app@gmail.com,2026-08-18,,Marcel Eric,5519991861005,5519991861005
451,Marcel,Alves Feitosa,Contato realizado,,28479941812,12 99750-1043,mxp0800@gmail.com,SP,campinas,pq cidade,comprador,R$3.001-a-R$6.000,Não,Casado(a).-Minha-esposa(o)-apóia.,Um puco,,2026-07-30 18:41:00,gerson@masonhub.com.br,2026-06-24,,Marcel,5512997501043,5512997501043
464,Michael,Henrique dos santos,Contato realizado,,40942389808,19 99580-9242,michael.hsantos34@gmail.com,SP,campinas,satélite iris,técnico de ftth e ftta de provedores de internet,R$1.500-a-R$3.000,Sim,Casado(a).-Minha-esposa(o)-apóia.,"Uma sociedade discreta filosófica progressista, uma família","Gerson deverá falar com candidato 30,06 após 15h",2026-06-30 17:36:00,laise@masonhub.com.br,2026-06-25,,Michael,5519995809242,5519995809242
152,Erik Silva,,Contato realizado,,380.989.288-29,(19) 99241-0606,pereira_erik@yahoo.com.br,SP,Campinas ,,Técnico de segurança do trabalho ,R$3.001-a-R$6.000,Sim,Não-sou-casado(a),"A Maçonaria e uma reunião semanal com homens, que se reúne para agregar conhecimento, e fazer o bem para o próximo ",,2026-07-30 18:45:00,gerson@masonhub.com.br,2026-06-10,,Erik Silva,5519992410606,5519992410606
674,Gabrielle rhawane Ferreira de Melo,Gabrielle rhawane Ferreira de Melo,Novo,,grf3036@hotmail.com,11 97693-0281,grf3036@hotmail.com,SP,carapicuiba,ariston,grf3036@hotmail.com,R$1.500-a-R$3.000,Não,Não-sou-casado(a),Não tenho conhecimento vi alguns vídeos que eles tem muito conhecimento e busco mais conhecimento sou mesmo de kimbanda,,2026-08-06 21:55:00,masonhub.app@gmail.com,2026-08-06,,Gabrielle Rhawane Ferreira De Melo,5511976930281,5511976930281
238,Eduardo Figueira da Silva,,Contato realizado,,320.244.618-59,(11) 98016-1149,eduardofigueira28@gmail.com,SP,Carapicuíba,,Empresário,R$3.001-a-R$6.000,Sim,Casado(a).-Minha-esposa(o)-apóia.,Eu já faço parte da Maçonaria regular e queria me cadastrar como loja,ct feito dia 21/6 o mesmo ja e macon e falara com o veneravel de sua loja.,2026-06-21 14:43:00,agnton@masonhub.com.br,2026-06-10,,Eduardo Figueira Da Silva,5511980161149,5511980161149
60,Everton Honorato ,,Aprovado,,402.793.298-00,(11) 99212-5223,Evertonhonorato2012@gmail.com,SP,Carapicuíba ,,Empresário ,R$6.001-a-R$10.000,Sim,Casado(a).-Minha-esposa(o)-apóia.,Uma escola filosófica ,iniciou na loja filhos de Abrao gerson,2026-06-18 23:58:00,agnton@masonhub.com.br,2026-06-10,,Everton Honorato,5511992125223,5511992125223
581,Samuel de Freitas,Samuel de Freitas,Aprovado 1 Fase,2026-07-21 15:00:00,19170496846,19 98707-2123,freitassamuelde610@gmail.com,SP,cordeiropolis,jardim planalto,encanador,R$1.500-a-R$3.000,Sim,Casado(a).-Minha-esposa(o)-apóia.,São poderosos,,2026-07-21 15:54:00,gerson@masonhub.com.br,2026-07-06,,Samuel De Freitas,5519987072123,5519987072123
86,Renato Alves de Barros ,,Contato realizado,,337.151.868-01,(11) 91851-7840,renato.alvesbarros@yahoo.com.br,SP,Cosmópolis ,,Coordenador de obras ,Acima-de-R$10.000,Sim,Não-sou-casado(a),Entendo que é onde se forma homens bons em melhores.,Gerson deverá ligar após as 19h20,2026-06-30 18:34:00,laise@masonhub.com.br,2026-06-10,,Renato Alves De Barros,5511918517840,5511918517840
160,Rogerio Alves dos Santos ,cotia,Aprovado,,292.420.338-47,(11) 99440-3650,rogerio.distribuidora@marquesalimentos.com.br,SP,Cotia,,Empresario,Acima-de-R$10.000,Sim,Casado(a).-Minha-esposa(o)-apóia.,,candidato aprovado iniciou na loja do gerson luiz,2026-06-20 18:54:00,agnton@masonhub.com.br,2026-06-10,gerson terça feira filhos de abraao,Rogerio Alves Dos Santos,5511994403650,5511994403650
21,Maurício Menezes Lavigne ,,Aprovado,,084.989.517-04,(11) 97414-4068,mauriciomlavigne@gmail.com,SP,Cotia,,Carpinteiro ,Acima-de-R$10.000,Sim,Não-sou-casado(a),Uma sociedade fraterna ,aprovado loja do gerson filhos de abrao.,2026-06-20 18:41:00,agnton@masonhub.com.br,2026-06-10,gerson,Maurício Menezes Lavigne,5511974144068,5511974144068
370,Emerson Silva,Emerson Silva,Contato realizado,,emersoon64@gmail.com,14 99760-5003,emersoon64@gmail.com,SP,emersoon64@gmail.com,emersoon64@gmail.com,emersoon64@gmail.com,R$3.001-a-R$6.000,Sim,Casado(a).-Minha-esposa(o)-apóia.,"Conheço a maçonaria e seus princípios,  meu filho é Demolay, e duas filhas no filhas de Jó, derrepente me despertou um interesse em ser maçom,  preencho o formulário para saber como funciona.",,2026-07-30 18:42:00,gerson@masonhub.com.br,2026-06-14,,Emerson Silva,5514997605003,5514997605003
422,Reginaldo Paulo da Silva,Paulo,Contato realizado,,35682569830,17 99411-4772,Reginaldo@gmail.com,SP,fernandopolis,Araguaia,metalúrgica,R$1.500-a-R$3.000,Sim,Não-sou-casado(a),Plosperidada,,2026-07-30 18:41:00,gerson@masonhub.com.br,2026-06-18,,Reginaldo Paulo Da Silva,5517994114772,5517994114772
630,Everton,Carlos Da Silva,Contato realizado,,16870322899,16 99116-4275,dasilvaevertoncarlos0@gmail.com,SP,franca,zona rural,comerciante,R$3.001-a-R$6.000,Sim,Não-sou-casado(a),"Me interessei por ter conhecido ao longo da minha vida ,alguns  maçons e notar  neles um comportamento diferente.(Queria ser igual)",,2026-07-30 18:40:00,gerson@masonhub.com.br,2026-07-24,,Everton,5516991164275,5516991164275
29,Jefferson Alisson Silva Queiroz ,,Contato realizado,,458.539.218-19,(16) 99281-5834,Jheffersonalisson16@gmail.com,SP,Franca ,,Lava rápido ,R$1.500-a-R$3.000,Sim,Não-sou-casado(a),Não tenho nenhum entendimento ,,2026-07-30 18:46:00,gerson@masonhub.com.br,2026-06-10,,Jefferson Alisson Silva Queiroz,5516992815834,5516992815834
536,Jonas Gomes Cruz Junior,Jonas Gomes Cruz Junior,Contato realizado,,28678738864,11 94354-9402,jonas.gomes1623@gmail.com,SP,francisco morato,jd buenos aires,seguranca,R$1.500-a-R$3.000,Sim,Casado(a).-Minha-esposa(o)-apóia.,Que e uma instituição que o objetivo é transformar homens melhores em pensamento atitude e espiritual,,2026-07-30 18:40:00,gerson@masonhub.com.br,2026-06-29,,Jonas Gomes Cruz Junior,5511943549402,5511943549402
365,Francisco,Valdemir,Contato realizado,,35838234865,11 96175-2599,franciscovaldemir454@gmail.com,SP,grajau,vila Narciso,eletricista,R$3.001-a-R$6.000,Sim,Não-sou-casado(a),É o que eu entendo não muita coisa né apenas curiosidade por isso quero entrar fazer parte quero mudança quero mudar minha vida espero que vocês possam me ajudar quero crescer,,2026-07-30 18:42:00,gerson@masonhub.com.br,2026-06-13,,Francisco,5511961752599,5511961752599
124,Edilson Menezes Maia,,Contato realizado,,441.194.528-24,(13) 98207-8465,m.maia.edilson@hotmail.com,SP,Guarujá ,,Motorista ,R$3.001-a-R$6.000,Sim,Não-sou-casado(a),Uma sociedade disposta e lapidar homens que também se dispõe a ser melhores na sociedade e para a sociedade carregando consigo os valores ensinados na Maçonaria.,,2026-07-30 18:45:00,gerson@masonhub.com.br,2026-06-10,,Edilson Menezes Maia,5513982078465,5513982078465
600,Ricardo,Soares da Silva,Aprovado 1 Fase,2026-07-21 19:00:00,riksoaresilv@gmail.com,11 99450-6877,riksoaresilv@gmail.com,SP,Guarulhos,Agua chata,riksoaresilv@gmail.com,R$6.001-a-R$10.000,Sim,Não-sou-casado(a),Deus grande arquiteto do universo.,,2026-07-21 20:06:00,gerson@masonhub.com.br,2026-07-13,,Ricardo,5511994506877,5511994506877
634,Alef,Lima,Contato realizado,,43832388826,14 99682-0518,agencia.lima2023@gmail.com,SP,iaras@,globo,agricultor,R$3.001-a-R$6.000,Sim,Casado(a).-Minha-esposa(o)-apóia.,A maçonaria é uma escola de estudo filosófica  entre irmãos,,2026-07-30 18:38:00,gerson@masonhub.com.br,2026-07-25,,Alef,5514996820518,5514996820518
687,Jefferson,Pedroso,Novo,,47977563819,11 94261-0507,pedrosoavelinojefferson@gmail.com,SP,ibiuna,gabriel,jardineiro,R$1.500-a-R$3.000,Sim,Casado(a).-Minha-esposa(o)-apóia.,Não conheço nada sobre a maçonaria mais tenho vontade de conhecer e participar,,2026-08-18 16:26:00,masonhub.app@gmail.com,2026-08-18,,Jefferson,5511942610507,5511942610507
79,welingtom silva teixeira,,Contato realizado,,395.148.008-42,(16) 98174-9262,welingtomsilvateixeira2@gmail.com,SP,igarapava,,tecnico em informatica e panificação,R$3.001-a-R$6.000,Sim,Não-sou-casado(a),,,2026-07-30 18:45:00,gerson@masonhub.com.br,2026-06-10,,Welingtom Silva Teixeira,5516981749262,5516981749262
440,Vagner Roberto Villar,Vagner Roberto Villar,Contato realizado,,vagnerrvillarvillar@gmail.com,13 97417-6068,vagnerrvillarvillar@gmail.com,SP,itanhaem,savoy,vagnerrvillarvillar@gmail.com,R$1.500-a-R$3.000,Sim,Não-sou-casado(a),Homens livres de bom costumes,,2026-07-30 18:41:00,gerson@masonhub.com.br,2026-06-19,,Vagner Roberto Villar,5513974176068,5513974176068
380,Kleiton,Schimith,Contato realizado,,22713252857,15 99696-2702,kleitonschimith2@gmail.com,SP,itapetininga,jardim paulista,motorista/encarregado,R$1.500-a-R$3.000,Sim,Não-sou-casado(a),"Eu me identifico há muito tempo com a maçonaria todos os dias procuro conhecimentos maçons para que eu possa melhorar minha conduta em relação de minhas crenças._x000D_
Faço junção das virtudes maçônica com minhas crenças no cristianismo._x000D_
Sei que tenho um chamado para ser um ser humano melhor do que eu posso!_x000D_
Acredito que a maçonaria pode me dar muitas respostas de perguntas que ecoa em mim!_x000D_
Ainda que eu não tenha vínculo com nenhuma loja, eu vivo a maçonaria todos os dias no meu cotidiano,_x000D_
Eu sou um eterno aprendiz...",,2026-07-30 18:42:00,gerson@masonhub.com.br,2026-06-15,,Kleiton,5515996962702,5515996962702
393,Silvio Freitas Camargo Junior,Silvio Freitas Camargo Junior,Contato realizado,,44672266800,15 99712-0230,Silvio.freitas3@hotmail.com,SP,itapeva,parque cimentolandia,tecnico de internet,R$1.500-a-R$3.000,Sim,Não-sou-casado(a),"Não entendo muita coisa , sei que é um fraternidade",,2026-07-30 18:42:00,gerson@masonhub.com.br,2026-06-16,,Silvio Freitas Camargo Junior,5515997120230,5515997120230
234,Everton Oliveira da Silva ,,Contato realizado,,379.015.978-60,(11) 97890-5514,evertonoliveiraa1808@gmail.com,SP,Itapevi ,,Agente funerário ,R$1.500-a-R$3.000,Sim,Não-sou-casado(a),,"ct feito convidado para entrevista,porem esta de dinheiro e cartao para iniciar.ligar semana que vem 20/06",2026-06-20 18:57:00,agnton@masonhub.com.br,2026-06-10,,Everton Oliveira Da Silva,5511978905514,5511978905514
418,Edmilson,Izidoro Nogueira,Contato realizado,,39602050829,11 98614-3052,edmilsonretomada@gmail.com,SP,Itaquaquecetuba,caiuby,Motorista Aplicativo,R$1.500-a-R$3.000,Sim,Não-sou-casado(a),Nada,,2026-06-21 17:15:00,agnton@masonhub.com.br,2026-06-18,,Edmilson,5511986143052,5511986143052
436,Lucas,Santana oliveira,Contato realizado,,49718822860,11 96356-2560,lucassantana72476048@gmail.com,SP,itaquaquecetuba,pq residencial scaffd,autonomô pintor,R$1.500-a-R$3.000,Sim,Casado(a).-Minha-esposa(o)-apóia.,Não conheço muito,ctt feito passado p/ leo cardi.,2026-06-21 17:11:00,agnton@masonhub.com.br,2026-06-19,,Lucas,5511963562560,5511963562560
427,Lucas,Santana oliveira,Reprovado,,49718822860,11 96356-2560,lucassantana72476048@gmail.com,SP,itaquaquecetuba,pq residencial scaffd,pintor,R$1.500-a-R$3.000,Sim,Não-sou-casado(a),Não entendo muito,ctt ja existe na base de dados.,2026-06-21 14:49:00,agnton@masonhub.com.br,2026-06-18,,Lucas,5511963562560,5511963562560
426,Lucas,Santana,Reprovado,,49718822860,11 96359-2560,lucassantana72476048@gmail.com,SP,itaquaquecetuba,pq residencial scaffd,pintor,R$1.500-a-R$3.000,Sim,Não-sou-casado(a),Não conheço muito,ctt ja existe na base de dados.,2026-06-21 14:49:00,agnton@masonhub.com.br,2026-06-18,,Lucas,5511963592560,5511963592560
425,Lucas,Santana oliveira,Reprovado,,49718822860,11 96356-2560,lucassantana72476048@gmail.com,SP,itaquaquecetuba,pq residencial scaffd2,pintor,R$1.500-a-R$3.000,Sim,Não-sou-casado(a),Entendo bem pouco não sei muito sobre a maçonaria,ctt ja existe na base,2026-06-21 14:48:00,agnton@masonhub.com.br,2026-06-18,,Lucas,5511963562560,5511963562560
423,Lucas,Santana oliveira,Contato realizado,,49718822860,11 96356-2560,lucassantana72476048@gmail.com,SP,itaquaquecetuba,scaffd2,pintor,R$1.500-a-R$3.000,Sim,Não-sou-casado(a),Pouco,19/6 ctt entrevistado e passado a leo cardi.,2026-06-21 14:48:00,agnton@masonhub.com.br,2026-06-18,,Lucas,5511963562560,5511963562560
421,Lucas,Santana,Contato realizado,,49718822860,11 96356-2560,lucassantana72476048@gmail.com,SP,itaquaquecetuba,scaffd2,pintor,R$1.500-a-R$3.000,Sim,Não-sou-casado(a),Não sei muito ainda,21/6 ctt feito pelo zap. passado pro leo cardi.,2026-06-21 17:18:00,agnton@masonhub.com.br,2026-06-18,,Lucas,5511963562560,5511963562560
89,Gabriel Garcia de Oliveira ,,Contato realizado,,502.497.608-86,(11) 96907-8855,gabrieltitok251@gmail.com,SP,Itaquaquecetuba ,,Autônomo ,R$1.500-a-R$3.000,Sim,Não-sou-casado(a),Quero aprender,ctt feito pelo watts.,2026-06-20 18:49:00,agnton@masonhub.com.br,2026-06-10,,Gabriel Garcia De Oliveira,5511969078855,5511969078855
244,Nilton Wenceslau Ferreira,,Contato realizado,,381.343.448-60,(15) 99746-1604,niltonw213@gmail.com,SP,Itararé ,,Operador de comando ,R$1.500-a-R$3.000,Sim,Não-sou-casado(a),"Uma irmandade onde se cultua o crescimento pessoal, como liberdade, justiça, fraternidade, disciplina e aperfeiçoamento",,2026-07-30 18:44:00,gerson@masonhub.com.br,2026-06-10,,Nilton Wenceslau Ferreira,5515997461604,5515997461604
622,Diego,Fabiano,Contato realizado,,43980636844,19 99173-1123,diegofabiano231506@gmail.com,SP,jaguariuna,nassif,eletrecista,R$3.001-a-R$6.000,Sim,Não-sou-casado(a),Eu entendo que e uma irmandade que si ajuda entre si,,2026-07-27 22:47:00,gerson@masonhub.com.br,2026-07-22,,Diego,5519991731123,5519991731123
587,Lord Gabriel,Andrade,Contato realizado,,272727722772,17 98208-3518,gabrio_lord@hormail.com,SP,jales,jales,samu,R$6.001-a-R$10.000,Sim,Não-sou-casado(a),You're coin so a organização secreta e tenho vontade de entrar dentro da organização secreta pois já tenho os olhos aberto e entendo tudo o que ela faz e estou cumprindo as missões proféticas para me tornar um luminate e maçã,,2026-07-21 01:33:00,gerson@masonhub.com.br,2026-07-08,,Lord Gabriel,5517982083518,5517982083518
456,Hebert,Caparroz,Contato realizado,,45472511852,17 99652-6319,bb1711172@gmail.com,SP,jales,sitio figueirinha,motorista,R$3.001-a-R$6.000,Sim,Casado(a).-Minha-esposa(o)-apóia.,"Grupo filantrópico,no qual molda o caráter e transforma um homem bom a se tornar um homem melhor._x000D_
Cujo cada dia nós nós transformamos e nos tornamos uma pessoa melhor.",,2026-07-30 18:40:00,gerson@masonhub.com.br,2026-06-24,,Hebert,5517996526319,5517996526319
640,Rosana de Oliveira Barbosa,Lourenco,Contato realizado,,345.265.218-17,11 95174-5434,rosiferreiraalourenco@gmail.com,SP,jandira,jardim Gabrielalll,técnicadeenfermagem,R$1.500-a-R$3.000,Sim,Não-sou-casado(a),"""Para mim, a maçonaria é uma sociedade discreta — ou meio secreta — que existe há séculos e desperta bastante curiosidade. Entendo que ela reúne homens que se tratam como 'irmãos' e usam uma série de símbolos bem conhecidos, como o esquadro, o compasso e o olho Onipresente._x000D_
​Pelo que compreendo, o foco principal do grupo é a fraternidade, a ajuda mútua, o desenvolvimento moral de seus membros e a realização de ações de caridade. Por outro lado, como os rituais e discussões internas não são abertos ao público geral, fica sempre aquela aura de mistério, o que acaba alimentando mitos, teorias da conspiração e muita especulação sobre o que realmente acontece dentro de uma loja maçônica.""",,2026-07-28 19:05:00,gerson@masonhub.com.br,2026-07-27,,Rosana De Oliveira Barbosa,5511951745434,5511951745434
577,Celso Araújo Da Silva,Araújo Da Silva,Entrevista agendada,2026-07-22 23:00:00,celsoaraujosilva039@gmail.com,11 91315-5263,celsoaraujosilva039@gmail.com,SP,Jundia,Eloy Chaves,celsoaraujosilva039@gmail.com,R$3.001-a-R$6.000,Sim,Não-sou-casado(a),Não entendo muito sobre.,,2026-07-21 16:03:00,gerson@masonhub.com.br,2026-07-05,,Celso Araújo Da Silva,5511913155263,5511913155263
607,Edivaldo,Junior Santos,Encaminhado para a loja,,224.511.158-31,11 95371-3785,santosedivaldojunior88@gmail.com,SP,Jundiai,JardimBrasil,GuardaPatrimonial,R$3.001-a-R$6.000,Sim,Não-sou-casado(a),"A busca só conhecimento. _x000D_
Vindo de G.A.D.U.",,2026-07-21 01:34:00,gerson@masonhub.com.br,2026-07-16,,Edivaldo,5511953713785,5511953713785
81,Marcos Wilson,,Contato realizado,,461.046.838-87,(11) 97498-7687,marcoswilsoncontato@gmail.com,SP,Jundiaí ,,Analista Loss prevention ,R$3.001-a-R$6.000,Sim,Não-sou-casado(a),"Pra mim, a maçonaria não é apenas um símbolo ou uma sociedade. É um caminho de evolução, honra e caráter. Onde o homem aprende que poder não está na força, mas na disciplina, na inteligência e na lealdade. A maçonaria representa união, respeito, conhecimento e princípios que poucos entendem, mas que moldam homens preparados para qualquer batalha da vida.",,2026-07-30 18:45:00,gerson@masonhub.com.br,2026-06-10,,Marcos Wilson,5511974987687,5511974987687
73,Elzio Miguel Hassum Segundo ,,Contato realizado,,216.904.658-59,(11) 94203-7429,elziohassum@gmail.com,SP,Jundiaí ,,Motorista entregador na companhia supergasbras ,R$1.500-a-R$3.000,Sim,Não-sou-casado(a),Quero me tornar um nobre cavaleiro nessa fraternidade ,,2026-07-30 18:45:00,gerson@masonhub.com.br,2026-06-10,,Elzio Miguel Hassum Segundo,5511942037429,5511942037429
53,Luiz Francisco librelotto viarero,,Contato realizado,,357.861.418-10,(11) 99470-7467,luizlibrelotto21@gmail.com,SP,Juquitiba,,Autônomo ,R$1.500-a-R$3.000,Sim,Não-sou-casado(a),Até então só sei que é uma religião...,,2026-07-30 18:45:00,gerson@masonhub.com.br,2026-06-10,,Luiz Francisco Librelotto Viarero,5511994707467,5511994707467
409,Reginaldo Rodrigues dos Santos,Rodrigues,Contato realizado,,34051668886,15 98823-4027,reginaldopratikundum@gmail.com,SP,laranjal paulista,pedro zanella,motorista e professor,R$6.001-a-R$10.000,Sim,Não-sou-casado(a),Um grupo social de formação de caráter em prol a sociedade,,2026-07-30 18:41:00,gerson@masonhub.com.br,2026-06-17,,Reginaldo Rodrigues Dos Santos,5515988234027,5515988234027
452,Reinaldo,Gonçalves de Souza,Contato realizado,,31642340820,19 97171-6590,goncalvesdesouzareinaldo12@gmail.com,SP,Limeira,bairro da geada vila São Vicente,motorista de caminhão operador de máquinas pesadas e jardineiro e produtor rural,R$1.500-a-R$3.000,Sim,Não-sou-casado(a),Igualdade prosperidade e amor ao próximo,,2026-07-30 18:40:00,gerson@masonhub.com.br,2026-06-24,,Reinaldo,5519971716590,5519971716590
133,Gegivaldo Júnior da Costa,,Contato realizado,,366.330.368-33,(19) 99843-0184,gegivaldo87@icloud.com,SP,Limeira ,,Ajudante ,R$3.001-a-R$6.000,Sim,Não-sou-casado(a),Aperfeiçoamento moral ,,2026-07-30 18:45:00,gerson@masonhub.com.br,2026-06-10,,Gegivaldo Júnior Da Costa,5519998430184,5519998430184
568,Marcelo,Sousa,Contato realizado,,00344382622,21 99443-6585,msousa9335@gmail.com,SP,lorena,vila passo,contrutor,R$6.001-a-R$10.000,Sim,Casado(a).-Minha-esposa(o)-apóia.,Mudança mental,,2026-07-30 18:40:00,gerson@masonhub.com.br,2026-07-04,,Marcelo,5521994436585,5521994436585
310,Eder bulgarelli ,,Contato realizado,,245.632.628-89,(14) 99667-6806,ederbulgarelli@gmail.com,SP,Marília ,,Motorista profissional ,R$6.001-a-R$10.000,Sim,Casado(a).-Minha-esposa(o)-apóia.,"Não tenho muito conhecimento, porém gostaria de conhecer melhor ",,2026-07-30 18:44:00,gerson@masonhub.com.br,2026-06-10,,Eder Bulgarelli,5514996676806,5514996676806
313,Luis Henrique França leite ,,Contato realizado,,346.986.839-74,(11) 91491-3910,henriquecars674@gmail.com,SP,Mirante do Paranapanema ,,Autônomo ,R$1.500-a-R$3.000,Sim,Casado(a).-Minha-esposa(o)-apóia.,"A maçonaria é uma fraternidade ao de um ajuda o outro , em tudo , e tem que ser leal , ter respeito  e conduta , ",,2026-07-30 18:44:00,gerson@masonhub.com.br,2026-06-10,,Luis Henrique França Leite,5511914913910,5511914913910
216,Luis Henrique França Leite ,,Contato realizado,,346.986.838-74,(11) 91491-3910,henriquecars674@gmail.com,SP,Mirante do paranapanema ,,Autônomo ,R$1.500-a-R$3.000,Sim,Não-sou-casado(a),Nada eu gostaria de entender  mais sobre a maçonaria e fazer parte ,,2026-07-30 18:44:00,gerson@masonhub.com.br,2026-06-10,,Luis Henrique França Leite,5511914913910,5511914913910
34,DOUGLAS RODRIGUES NOGUEIRA,,Contato realizado,,374.841.458-74,(11) 96586-1505,douglasnogueira730@gmail.com,SP,Mogi das Cruzes,,Operador de empilhadeira ,R$1.500-a-R$3.000,Sim,Não-sou-casado(a),Sou ser sincero  .   Apenas vejo muitas pessoas falam bem .   E nao entendo nada.  ,,2026-07-30 18:46:00,gerson@masonhub.com.br,2026-06-10,,Douglas Rodrigues Nogueira,5511965861505,5511965861505
182,Rene kennedy Vicentino,,Contato realizado,,124.442.218-50,(11) 94197-5586,renekennedyvicentino@gmail.com,SP,Mogi das cruzes ,,Motorista ,R$3.001-a-R$6.000,Sim,Não-sou-casado(a),E a opção de nós elevar espiritualmente e sermos melhores,,2026-07-30 18:44:00,gerson@masonhub.com.br,2026-06-10,,Rene Kennedy Vicentino,5511941975586,5511941975586
378,Ricardo Alexandre Oscar,Oscar,Contato realizado,,34236230801,19 97144-3027,ricardooscar2235@gmail.com,SP,mogi guaçu,sao jose,motorista de carreta,R$3.001-a-R$6.000,Sim,Casado(a).-Minha-esposa(o)-não-apóia.,É um organismo que promove a evolução de pessoas para ser pessoa mais desenvolvida para o bem da umanidade.para promover resultado sobre a vida de irmão querem abreder ser evoluído,,2026-07-30 18:42:00,gerson@masonhub.com.br,2026-06-15,,Ricardo Alexandre Oscar,5519971443027,5519971443027
683,Jane,Maragno,Novo,,12624453881,19 99813-5974,municipal_2@outlook.com,SP,Mogi Mirim,Parque das Laranjeiras,técnica de enfermagem,R$1.500-a-R$3.000,Sim,Casado(a).-Minha-esposa(o)-apóia.,"Busca de conhecimento, e equilíbrio",,2026-08-13 01:31:00,masonhub.app@gmail.com,2026-08-13,,Jane,5519998135974,5519998135974
296,VALDEMAR AUGUSTO DE OLIVEIRA,,Contato realizado,,017.116.338-95,(41) 99187-1326,valdemarmontagens@gmail.com,SP,Nova odessa sp,,Técnico mecânico cardas fiação de algodão ,Acima-de-R$10.000,Sim,Casado(a).-Minha-esposa(o)-apóia.,Não conheço nada sobre maçonaria ,,2026-07-30 18:44:00,gerson@masonhub.com.br,2026-06-10,,Valdemar Augusto De Oliveira,5541991871326,5541991871326
275,Antonio de Medeiros Nezerra,,Reprovado,,513.279.704-06,(11) 94708-4787,ovendedordepecas@gmail.com,SP,Osasco,,Comerciante ,R$3.001-a-R$6.000,Sim,Casado(a).-Minha-esposa(o)-apóia.,Aprendizado,ja e macom so entrou pra repudiar 21/6,2026-06-21 17:26:00,agnton@masonhub.com.br,2026-06-10,,Antonio De Medeiros Nezerra,5511947084787,5511947084787
102,Wilson Souza da Silva ,,Aprovado,,276.804.158-03,(11) 95085-9560,wsouzadasilva72@gmail.com,SP,Osasco,,"Mecânico,motorista de caminhao",R$3.001-a-R$6.000,Sim,Não-sou-casado(a),São pessoas q procuram ajudar outras q precisão mostrando o amor ao próximo ,iniciado na loja do gerson terça feira.,2026-06-21 17:39:00,agnton@masonhub.com.br,2026-06-10,,Wilson Souza Da Silva,5511950859560,5511950859560
435,Danilo,Santos,Entrevista agendada,,38631966860,11 99155-3683,dhanilosanttos@gmail.com,SP,osasco,novo osasco,"jardineiro,Podador",R$1.500-a-R$3.000,Sim,Casado(a).-Minha-esposa(o)-apóia.,"Acredito que a Maçonaria _x000D_
É um lugar de aprendizado _x000D_
Para as classes sócias.",ctt feito pelo waats aguardando retorno.21/6 fara entrevista na loja do gerson terça.dia 23/6 terça.,2026-06-21 17:13:00,agnton@masonhub.com.br,2026-06-19,,Danilo,5511991553683,5511991553683
116,Anderson Francisco Da Silva,,Entrevista agendada,,348.865.178-97,(11) 94902-1040,andersonmanuviktor@gmail.com,SP,Osasco ,,Gerente ,R$3.001-a-R$6.000,Sim,Não-sou-casado(a),"Conhecimento, fraternidade e honra.",fez entrevista na loja com o gerson ficou doente vai iniciar na proxima semana.20/06,2026-06-20 18:50:00,agnton@masonhub.com.br,2026-06-10,,Anderson Francisco Da Silva,5511949021040,5511949021040
408,Vinícius jose Vieira,Vinícius jose Vieira,Contato realizado,,viniciusjosevieira07@gmail.com,14 99648-1800,viniciusjosevieira07@gmail.com,SP,ourinhos,chisthoni,pintor,R$1.500-a-R$3.000,Sim,Não-sou-casado(a),Um ajuda o outro uma irmandade,,2026-07-30 18:41:00,gerson@masonhub.com.br,2026-06-17,,Vinícius Jose Vieira,5514996481800,5514996481800
468,Luan da Silva,Cardoso,Contato realizado,,51584687886,'+55 14 98187-9486,luanrdss1234@gmail.com,SP,ourinnhos,jardim itamaraty,ajudante geral,R$1.500-a-R$3.000,Sim,Não-sou-casado(a),Nada,,2026-07-30 18:40:00,gerson@masonhub.com.br,2026-06-26,,Luan Da Silva,5514981879486,5514981879486
565,Everton,arcanjo atanasio,Contato realizado,,32831231876,13 99761-2639,atanasioeverton@gmail.com,SP,pariquera acu,jardim sao carlos,operador de maquinas pesadas de pavimentacao,R$1.500-a-R$3.000,Sim,Não-sou-casado(a),Não sei muito sobre maçonaria,,2026-07-30 18:40:00,gerson@masonhub.com.br,2026-07-04,,Everton,5513997612639,5513997612639
342,Guilherme Cristiano de Souza,Guilherme Cristiano de Souza,Contato realizado,,guilherme.cristiano@bol.com.br,19991835553,guilherme.cristiano@bol.com.br,SP,Paulinia,Coperlotes,guilherme.cristiano@bol.com.br,R$1.500-a-R$3.000,Sim,Não-sou-casado(a),"Que são irmão que ajudam uns aos outros, que ajudam a homens se tornarem mais Intelectual em prol de ajudar o próximo",,2026-07-30 18:43:00,gerson@masonhub.com.br,2026-06-11,,Guilherme Cristiano De Souza,5519991835553,5519991835553
113,Guilherme Cristiano de Sousa ,,Contato realizado,,333.510.788-89,(19) 99183-5553,guilherme.cristiano@bol.com.br,SP,Paulínia ,,Conferente ,R$1.500-a-R$3.000,Sim,Não-sou-casado(a),Que ela Preserva a ajuda ao Próximo e a Busca ao Conhecimento.,,2026-07-30 18:45:00,gerson@masonhub.com.br,2026-06-10,,Guilherme Cristiano De Sousa,5519991835553,5519991835553
264,HAMILTON COSTA SOUSA FILHO,,Contato realizado,,108.400.588-37,(19) 98947-7325,,SP,Paulínia SP,,,R$3.001-a-R$6.000,Sim,Não-sou-casado(a),"Vejo a maçonaria como uma fraternidade onde homens se reúnem pra se aperfeiçoar eticamente. A ideia é que cada um trabalhe pra ser uma pessoa melhor, através de filosofia, símbolos e ajuda mútua..",,2026-07-30 18:44:00,gerson@masonhub.com.br,2026-06-10,,Hamilton Costa Sousa Filho,5519989477325,5519989477325
463,Marcos Paulo,Sena Pereira,Contato realizado,,29470410890,19 98201-6087,paulomarcos83081@gmail.com,SP,piarcica Piracicaba,centro,pedreiro,R$3.001-a-R$6.000,Sim,Não-sou-casado(a),Pelo que eu vejo são pessoas influentes na sociedade pessoas de carácter e inteligente,,2026-07-21 20:12:00,gerson@masonhub.com.br,2026-06-25,,Marcos Paulo,5519982016087,5519982016087
594,Vinicius Amaro Dos Santos Lucena,Vinicius Amaro Dos Santos Lucena,Entrevista agendada,2026-07-28 14:00:00,viniciuslucenavw@gmail.com,15 99816-9925,viniciuslucenavw@gmail.com,SP,Piedade,Alto de Piedade,viniciuslucenavw@gmail.com,R$1.500-a-R$3.000,Sim,Casado(a).-Minha-esposa(o)-apóia.,Sociedade onde todos buscam o crescimento e desenvolvimento próprio e do próximo.,,2026-07-27 19:08:00,gerson@masonhub.com.br,2026-07-10,,Vinicius Amaro Dos Santos Lucena,5515998169925,5515998169925
671,Carlos,Camargo,Novo,,29888019830,12 99175-5268,carlosteclados40@gmail.com,SP,Pindamonhangaba,Vista Alagre,profissioal liberal,R$1.500-a-R$3.000,Sim,Casado(a).-Minha-esposa(o)-apóia.,Nada,,2026-08-03 16:38:00,masonhub.app@gmail.com,2026-08-03,,Carlos,5512991755268,5512991755268
670,Carlos,Camargo,Contato realizado,,carlosteclados40@gmail.com,12 99175-5268,carlosteclados40@gmail.com,SP,pindamonhangaba,Vista Alegre,profissioal liberal,R$1.500-a-R$3.000,Sim,Casado(a).-Minha-esposa(o)-apóia.,Nada,,2026-08-07 19:18:00,gerson@masonhub.com.br,2026-08-03,,Carlos,5512991755268,5512991755268
431,João felix da Cruz,João zinho,Contato realizado,,018.380.814-29,16 99265-8111,felixdacruz59@gmail.com,SP,pitangueiras,Santafelicidade,mestre deobra,R$3.001-a-R$6.000,Sim,Casado(a).-Minha-esposa(o)-apóia.,Ainda nada mas quero entender melhor,,2026-07-30 18:41:00,gerson@masonhub.com.br,2026-06-18,,João Felix Da Cruz,5516992658111,5516992658111
430,João felix da Cruz,João zinho,Contato realizado,,018.380.814-29,16 99265-8111,felixdacruz59@gmail.com,SP,pitangueiras,Santafelicidade,mestre deobra,R$3.001-a-R$6.000,Sim,Casado(a).-Minha-esposa(o)-apóia.,Ainda nada mas quero entender melhor,,2026-07-30 18:41:00,gerson@masonhub.com.br,2026-06-18,,João Felix Da Cruz,5516992658111,5516992658111
611,Mateus,Rogério,Contato realizado,,44035909858,17 99671-0193,rogeriomateus960@gmail.com,SP,potirendaba,coab 2,tecnico rede telecomunicacao,R$3.001-a-R$6.000,Sim,Não-sou-casado(a),Oi,,2026-07-21 00:07:00,gerson@masonhub.com.br,2026-07-18,,Mateus,5517996710193,5517996710193
649,DOUGLAS FIALHO DE OLIVEIRA,DOUGLAS FIALHO DE OLIVEIRA,Contato realizado,,douglasfialho91@gmail.com,11 99145-7449,douglasfialho91@gmail.com,SP,praia,solemar,tecnico em emfermagem,R$3.001-a-R$6.000,Sim,Casado(a).-Minha-esposa(o)-apóia.,Entendo que uma instituição que por princípios molda homens de valor,,2026-07-30 18:38:00,gerson@masonhub.com.br,2026-07-30,,Douglas Fialho De Oliveira,5511991457449,5511991457449
580,Daniel,Ferreira,Entrevista agendada,2026-07-23 15:00:00,30086276840,13 99668-4193,daniel.pintura@hotmail.com,SP,praia grande,aviacao,empresario,R$3.001-a-R$6.000,Sim,Casado(a).-Minha-esposa(o)-apóia.,muito pouco mais conheço pessoas que frequenta,,2026-07-23 00:54:00,gerson@masonhub.com.br,2026-07-06,,Daniel,5513996684193,5513996684193
689,Douglas Fialho,Douglas Fialho,Novo,,douglasfialho230@gmail.com,13 99145-7449,douglasfialho230@gmail.com,SP,praia grande,solemar,douglasfialho230@gmail.com,R$3.001-a-R$6.000,Sim,Casado(a).-Minha-esposa(o)-apóia.,Entendo que a maçonaria nos ajuda a sermos homens melhores    que  a maçonaria ela  ajuda os homens a se conhecerem melhor através dos estudos,,2026-08-19 20:31:00,masonhub.app@gmail.com,2026-08-19,,Douglas Fialho,5513991457449,5513991457449
537,DOUGLAS FIALHO DE OLIVEIRA,DOUGLAS FIALHO DE OLIVEIRA,Contato realizado,,36295931863,13 99145-7449,douglasfialho91@gmail.com,SP,praia grande,solemar,tecnico em seguranca eletronica,R$1.500-a-R$3.000,Sim,Casado(a).-Minha-esposa(o)-apóia.,Entendo que a  massonaria   ajuda os homens a serem melhores  como pessoa e pode me ajudar a ser melhor em todas as áreas da minha vida que  requer que sejamos livres autosufcientes e o principal sempre honesto que a massonaria não faz ecepção de pessoas,,2026-07-30 18:40:00,gerson@masonhub.com.br,2026-06-29,,Douglas Fialho De Oliveira,5513991457449,5513991457449
131,Antony telo de Menezes ,,Contato realizado,,367.501.518-17,(13) 99667-6108,anthonytelloestamparia@gmail.com,SP,Praia grande ,,Motorista autônomo ,Acima-de-R$10.000,Sim,Casado(a).-Minha-esposa(o)-apóia.,Uma família ,,2026-07-30 18:45:00,gerson@masonhub.com.br,2026-06-10,,Antony Telo De Menezes,5513996676108,5513996676108
396,Renato Ferreira Astolpho,Renato Ferreira Astolpho,Contato realizado,,renato.sindicancia@gmail.com,'+55 11 93390-1819,renato.sindicancia@gmail.com,SP,renato.sindicancia@gmail.com,renato.sindicancia@gmail.com,renato.sindicancia@gmail.com,R$3.001-a-R$6.000,Sim,Não-sou-casado(a),Nao conheço a maçonaria mas quero aprender sobre,,2026-07-30 18:41:00,gerson@masonhub.com.br,2026-06-16,,Renato Ferreira Astolpho,5511933901819,5511933901819
50,henry ferri rossini,,Contato realizado,,243.998.778-63,(16) 99210-0936,henryferri13@gmail.com,SP,ribeirao preto,,auxiliar,R$1.500-a-R$3.000,Sim,Não-sou-casado(a),uma irmandade onde os homens buscam desenvolvimento ,,2026-07-30 18:46:00,gerson@masonhub.com.br,2026-06-10,,Henry Ferri Rossini,5516992100936,5516992100936
601,João paulo,Reis,Entrevista agendada,2026-07-22 22:00:00,32850955809,16 98212-2931,agromac9@gmail.com,SP,ribeirao preto,adelino simioni,operador de maquinas,R$3.001-a-R$6.000,Sim,Não-sou-casado(a),"Ajudar o próximo, fazer o bem, ser grato por tudo aquilo que Deus me dá, nunca esquecer de ajudar os mais necessitados.",,2026-07-21 01:43:00,gerson@masonhub.com.br,2026-07-13,,João Paulo,5516982122931,5516982122931
411,Claudiomir Oliveira,Claudiomir Oliveira,Contato realizado,,claudiomiroliveira.rp@gmail.com,016 99133-5773,claudiomiroliveira.rp@gmail.com,SP,Ribeirao preto,castelo branco,claudiomiroliveira.rp@gmail.com,Acima-de-R$10.000,Sim,Casado(a).-Minha-esposa(o)-apóia.,Ser bom,,2026-07-30 18:42:00,gerson@masonhub.com.br,2026-06-17,,Claudiomir Oliveira,5516991335773,5516991335773
76,Ariel Rodrigues da Silva ,,Contato realizado,,123.930.846-96,(16) 99708-4174,arielrodriguessp4@gmail.com,SP,Ribeirão Preto ,,Empreendedor ,R$6.001-a-R$10.000,Sim,Não-sou-casado(a),Nada ! ,,2026-07-30 18:45:00,gerson@masonhub.com.br,2026-06-10,,Ariel Rodrigues Da Silva,5516997084174,5516997084174
18,Rafael Augusto Coelho Gambim Garcia,,Contato realizado,,317.456.328-32,(16) 99752-5762,rafaelgambimgarcia@gmail.com,SP,Ribeirão preto ,,Eletricista,R$3.001-a-R$6.000,Sim,Casado(a).-Minha-esposa(o)-apóia.,Evolução!,,2026-07-30 18:46:00,gerson@masonhub.com.br,2026-06-10,,Rafael Augusto Coelho Gambim Garcia,5516997525762,5516997525762
187,Joaopaulo pereira dos santos ,,Contato realizado,,069.845.904-00,(82) 99690-5458,jp3333666159@gmail.com,SP,Ribeirão preto sp ,,Tecguino de ar condicionado e refrigeração ,R$1.500-a-R$3.000,Sim,Casado(a).-Minha-esposa(o)-apóia.,fraternidade de a predizado para homem de poa conduta ,,2026-07-30 18:44:00,gerson@masonhub.com.br,2026-06-10,,Joaopaulo Pereira Dos Santos,5582996905458,5582996905458
379,Romarde,De jesus silva,Contato realizado,,romadejesus172@gmail.com,17 99624-2386,romadejesus172@gmail.com,SP,RibeirãoPreto,Ipiranga,romadejesus172@gmail.com,R$3.001-a-R$6.000,Sim,Casado(a).-Minha-esposa(o)-apóia.,Sei que é uma s.s e com muitos ensinamentos para a sociedade atual,,2026-07-30 18:42:00,gerson@masonhub.com.br,2026-06-15,,Romarde,5517996242386,5517996242386
419,LUIZ,VICENTE DA SILVA,Contato realizado,,31079418830,19 99658-8671,luizpu2nkbkkgol@gmail.com,SP,Rio claro,santa elisa,Forneiro,R$3.001-a-R$6.000,Sim,Casado(a).-Minha-esposa(o)-apóia.,"Eu entendo e que, serve para evoluir o homen ._x000D_
Lapidar...",,2026-07-30 18:41:00,gerson@masonhub.com.br,2026-06-18,,Luiz,5519996588671,5519996588671
324,Sandro Marcio de Moraes ,,Contato realizado,,283.406.028-29,(11) 94797-5112,sandro-moraes@live.com,SP,Salto,,Motorista,R$3.001-a-R$6.000,Sim,Casado(a).-Minha-esposa(o)-apóia.,"A Maçonaria é uma irmandade que se ajuda, contemplando Deus e seus princípios.",,2026-07-30 18:43:00,gerson@masonhub.com.br,2026-06-10,,Sandro Marcio De Moraes,5511947975112,5511947975112
381,Sandro Marcio,Moraes,Contato realizado,,28340602829,11 94797-5112,sandro-moraes@live.com,SP,Salto,Terras de São Pedro e São Paulo,Motorista/Corretor de imóveis/cursando fisioterapia,R$3.001-a-R$6.000,Sim,Casado(a).-Minha-esposa(o)-apóia.,"É uma irmandade que trabalha em prol do crescimento dos irmãos,e da sociedade em geral.",,2026-07-30 18:42:00,gerson@masonhub.com.br,2026-06-15,,Sandro Marcio,5511947975112,5511947975112
137,Izaias roncoleta,,Contato realizado,,008.067.289-22,(19) 99330-5885,,SP,Santa barbara d oeste,,Motorista caminhao,R$3.001-a-R$6.000,Sim,Casado(a).-Minha-esposa(o)-apóia.,Eu entendo como uma oportunidade de desenvolvimento e crecimento tanto pessoal quanto aprender novos valores ,,2026-07-30 18:45:00,gerson@masonhub.com.br,2026-06-10,,Izaias Roncoleta,5519993305885,5519993305885
301,Alisson vieira ,,Contato realizado,,402.250.638-59,(14) 99680-0727,av464071@gmail.com,SP,Santa Cruz do rio pardo ,,Marmorista ,R$3.001-a-R$6.000,Sim,Não-sou-casado(a),,,2026-07-30 18:44:00,gerson@masonhub.com.br,2026-06-10,,Alisson Vieira,5514996800727,5514996800727
316,Luzivane m de  Souza ,,Contato realizado,,215.745.998-79,(11) 99110-7205,chocovaniaofocial@yahoo.com,SP,Santana de Parnaíba ,,Autônomo ,R$6.001-a-R$10.000,Sim,Casado(a).-Minha-esposa(o)-apóia.,Entende que seja um grupo . ,,2026-07-30 18:43:00,gerson@masonhub.com.br,2026-06-10,,Luzivane M De  Souza,5511991107205,5511991107205
218,Mardonio Alves Gomes ,,Contato realizado,,624.057.553-43,(88) 99701-2602,mardonioalves1995@gmail.com,SP,Santo André ,,Cozinheiro ,R$6.001-a-R$10.000,Sim,Não-sou-casado(a),Nada ainda ,ctt feito pelo watts.20/6 passei pro leo.,2026-06-21 14:42:00,agnton@masonhub.com.br,2026-06-10,,Mardonio Alves Gomes,5588997012602,5588997012602
554,Fernando Augusto Neves Barbosa,Neves Barbosa,Contato realizado,,12345678,18 99647-3819,Fernandoaugustofk88@gmail.com,SP,SantoAnastácioSP,Vila Prado,vigilante,R$1.500-a-R$3.000,Sim,Casado(a).-Minha-esposa(o)-apóia.,Uma Sociedade Filantrópica.,,2026-07-30 18:40:00,gerson@masonhub.com.br,2026-07-02,,Fernando Augusto Neves Barbosa,5518996473819,5518996473819
402,Paulo Roberto Barbosa Salomão,Salomão,Contato realizado,,15900693821,13 99788-9920,paulorobertobarbosasalomao@gmail.com,SP,santos,embare,tecnico em contabilidade,R$3.001-a-R$6.000,Sim,Não-sou-casado(a),Sociedade de homens evoluídos,,2026-07-30 18:41:00,gerson@masonhub.com.br,2026-06-16,,Paulo Roberto Barbosa Salomão,5513997889920,5513997889920
410,Lucas Anjo Pimentel Ribeiro Dos Santos,Anjo,Contato realizado,,06200922705,47 98464-5069,lucasanjo332@gmail.com,SP,Santos,Vila Nova,Auxiliar De Cozinha,R$1.500-a-R$3.000,Sim,Não-sou-casado(a),"Entendo que transforma meninos em grandes homens, com cárter e postura.",,2026-07-30 18:42:00,gerson@masonhub.com.br,2026-06-17,,Lucas Anjo Pimentel Ribeiro Dos Santos,5547984645069,5547984645069
678,Paloma,Cuba,Novo,,17034397678,19 98910-7112,palomacuba28@gmail.com,SP,sao bernardo do campo,las palmas,tatuadora,R$3.001-a-R$6.000,Sim,Não-sou-casado(a),"Entendo que a Maçonaria é uma instituição baseada em princípios como ética, fraternidade, conhecimento, disciplina e desenvolvimento pessoal. Ainda conheço pouco sobre a parte interna e os rituais, justamente por isso tenho interesse em aprender mais e conhecer a instituição de verdade.",,2026-08-10 14:33:00,masonhub.app@gmail.com,2026-08-10,,Paloma,5519989107112,5519989107112
416,MOACIR NOVAROSKI GODINHO,MOACIR NOVAROSKI GODINHO,Contato realizado,,09034090892,11 99245-5922,sisonovakoski28@gmail.com,SP,Sao Bernardo do campo,Parque Terra Nova 2,comerciante,R$1.500-a-R$3.000,Sim,Casado(a).-Minha-esposa(o)-apóia.,Que e uma irmandade onde os irmãos se ajudam e ninguém passa necessidade e ajuda ao próximo,,2026-06-21 17:18:00,agnton@masonhub.com.br,2026-06-18,,Moacir Novaroski Godinho,5511992455922,5511992455922
136,Marilson Pimentel,,Contato realizado,,257.075.428-50,(11) 97105-8582,pimentel.esadeempresarial@gmail.com,SP,SÃo Caetano Do Sul,,Consultor tributário ,Acima-de-R$10.000,Sim,Casado(a).-Minha-esposa(o)-apóia.,Uma irmandade fraterna,ctt. feito porem mora em sao caetano do sul.passado pro leo cardi. 20/6 para entrevista.,2026-06-20 21:21:00,agnton@masonhub.com.br,2026-06-10,,Marilson Pimentel,5511971058582,5511971058582
109,Matheus Efraim cardoso de Almeida ,,Contato realizado,,478.294.748-85,(16) 99738-7905,unicepmatheus@gmail.com,SP,São carlos ,,Engenheiro civil,R$1.500-a-R$3.000,Sim,Não-sou-casado(a),"Uma fraternidade para aprimoramento moral, intelectual e fraternal do ser humano, baseada em princípios de amor, respeito, sabedoria e evolução pessoal.",,2026-07-30 18:45:00,gerson@masonhub.com.br,2026-06-10,,Matheus Efraim Cardoso De Almeida,5516997387905,5516997387905
77,Tiago Rogerio da Conceição ,,Contato realizado,,356.442.528-41,(16) 99725-1630,tiago.rogerioc2018@gmail.com,SP,São Carlos ,,Empresário ,R$3.001-a-R$6.000,Sim,Casado(a).-Minha-esposa(o)-apóia.,Moldagem de um ser .,,2026-07-30 18:45:00,gerson@masonhub.com.br,2026-06-10,,Tiago Rogerio Da Conceição,5516997251630,5516997251630
41,JEFFERSON ADRIANO DOS SANTOS,,Contato realizado,,404.194.328-09,(16) 99315-8718,smokblack79@gmail.com,SP,sao jose da bela vista,,Trabalhador rural,R$1.500-a-R$3.000,Sim,Casado(a).-Minha-esposa(o)-apóia.,,,2026-07-30 18:46:00,gerson@masonhub.com.br,2026-06-10,,Jefferson Adriano Dos Santos,5516993158718,5516993158718
467,THIAGO LISBOA AMORIM,THIAGO LISBOA AMORIM,Contato realizado,,thiago.lisboa.amorim@gmail.com,17 98122-8587,thiago.lisboa.amorim@gmail.com,SP,sao jose do rio preto,centro,thiago.lisboa.amorim@gmail.com,Acima-de-R$10.000,Sim,Casado(a).-Minha-esposa(o)-apóia.,Trabalho ao próximo,,2026-07-30 18:40:00,gerson@masonhub.com.br,2026-06-26,,Thiago Lisboa Amorim,5517981228587,5517981228587
441,Herberth luis,De Avila,Contato realizado,,herberthluisdeavila60@gmail.com,17 99666-1774,herberthluisdeavila60@gmail.com,SP,sao jose do rio preto,eldorado,herberthluisdeavila60@gmail.com,R$1.500-a-R$3.000,Sim,Não-sou-casado(a),Sempre é bom ter bom conhecimento sobre de tudo um pouco...gostei de me aprofundar e aprender coisas novas q pode nos ajudar espiritual.,,2026-07-30 18:41:00,gerson@masonhub.com.br,2026-06-21,,Herberth Luis,5517996661774,5517996661774
606,Cleberson Messias,Cleberson Messias,Contato realizado,,01970603909messias.clebersonn@gmail.com,17 99677-7902,messias.clebersonn@gmail.com,SP,sao jose do rio preto,laureano tebar,messias.clebersonn@gmail.com,R$3.001-a-R$6.000,Sim,Casado(a).-Minha-esposa(o)-apóia.,Uma comunidade organizada tendo integrantes de boa indule e de caráter e ética,,2026-07-21 00:17:00,gerson@masonhub.com.br,2026-07-16,,Cleberson Messias,5517996777902,5517996777902
195,Amilton Da Silva Mesquita Junior,,Contato realizado,,366.187.668-69,(17) 99645-0106,ami.avistar15@gmail.com,SP,São José do Rio Preto,,Autônomo ,R$3.001-a-R$6.000,Sim,Casado(a).-Minha-esposa(o)-apóia.,Entendo que é uma fraternidade de irmão que cultua estudos sabedoria e igualdade ,,2026-07-30 18:44:00,gerson@masonhub.com.br,2026-06-10,,Amilton Da Silva Mesquita Junior,5517996450106,5517996450106
215,Weverson Ezequiel dos Santos ,,Contato realizado,,385.036.558-10,(12) 96666-2148,ezequieldossantoscpm22@gmail.com,SP,São José dos Campos,,Atendente de caixa ,R$1.500-a-R$3.000,Sim,Não-sou-casado(a),Eu não entendo nada mais quero muito pode fazer parte dessa irmandade e pode ajudar a minha mãe te uma casa própria pra nós mora e construir uma vida melhor . Eu entrado pra maçonaria quero pode abrir um restaurante pra pode fazer tudo prós irmãos da maçonaria e com dinheiro arrecadado pode ajudar vários e irmãos e pode chamar mais gente pra ser março. Por favor mim ajudar eu do minha vida pra vocês mais quero muito. Pode construir meu sonho de novo eu já era dono de restaurante e tinha 6 Carro  mais com a COVID 19 perdi tudo e hoje tô correndo atrás de crescer na vida de novo espero que vocês mim ajudar ,,2026-07-30 18:44:00,gerson@masonhub.com.br,2026-06-10,,Weverson Ezequiel Dos Santos,5512966662148,5512966662148
191,André Rodolfo de Oliveira,,Contato realizado,,352.374.828-30,(12) 98183-5095,andre.rodolfo@live.com,SP,São José dos Campos,,Tec. Manutenção,R$6.001-a-R$10.000,Sim,Casado(a).-Minha-esposa(o)-apóia.,"Para mim, a Maçonaria é como uma escola para a vida, focada em evolução pessoal. Vejo o grupo como uma comunidade de apoio mútuo, onde as pessoas se reúnem para conversar sobre valores, respeito e como ser cidadãos melhores. Sem os mitos que as pessoas inventam por aí, para mim é um espaço de reflexão, amizade e aprendizado para fazer o bem.",,2026-07-30 18:44:00,gerson@masonhub.com.br,2026-06-10,,André Rodolfo De Oliveira,5512981835095,5512981835095
445,Romário dos Santos,Alencar,Contato realizado,,04879893331,12 98884-0864,romarioalencar66@gmail.com,SP,são josé dos campos,setparque,pedreiro construtor,R$3.001-a-R$6.000,Sim,Casado(a).-Minha-esposa(o)-apóia.,"Uma sociedade fraterna que acredita em Deus e seu membros buscam o auto desenvolvimento,fazer sempre o bem,uma família com princípios e ordem.",,2026-07-30 18:41:00,gerson@masonhub.com.br,2026-06-21,,Romário Dos Santos,5512988840864,5512988840864
444,Romário,Alencar,Contato realizado,,04879893331,12 98884-0864,romarioalencar66@gmail.com,SP,são josé dos campos,setparque,pedreiro,R$3.001-a-R$6.000,Sim,Casado(a).-Minha-esposa(o)-apóia.,"Uma família,ordem,que ajuda na sua jornada com paz e harmonia, fidelidade e sinceridade respeito entre todos,na qual vc precisa ser convidado para fazer parte...",,2026-07-30 18:41:00,gerson@masonhub.com.br,2026-06-21,,Romário,5512988840864,5512988840864
327,Leandro da silva alves furlan ,,Contato realizado,,359.091.698-23,(11) 99442-2347,leandrodasalves1987@gmail.com,SP,Sao paulo,,Eletrotecnico,R$6.001-a-R$10.000,Sim,Casado(a).-Minha-esposa(o)-apóia.,,,2026-07-21 17:39:00,gerson@masonhub.com.br,2026-06-10,,Leandro Da Silva Alves Furlan,5511994422347,5511994422347
547,Felipe,Félix,Contato realizado,,09950843430,82 99394-3210,felipefelix3369@gmail.com,SP,sao paulo,cidade lider,feirante,R$1.500-a-R$3.000,Sim,Não-sou-casado(a),Não conheço muito mas gostaria de aprender,,2026-07-21 16:16:00,gerson@masonhub.com.br,2026-07-01,,Felipe,5582993943210,5582993943210
212,ALAN CRISTIANO FERREIRA,cotia,Reprovado,,250.233.108-09,(11) 96639-8528,alanstiloso1234@gmail.com,SP,São Paulo,,Empresário ,R$1.500-a-R$3.000,Sim,Não-sou-casado(a),,"Loja do gerson, ja é mason visitou a loja possivelmente foi investigar e não voltou.",2026-07-02 19:24:00,agnton@masonhub.com.br,2026-06-10,gerson,Alan Cristiano Ferreira,5511966398528,5511966398528
174,Carlos Henrique dos Santos Viana galego ,,Aprovado,,342.773.388-28,(11) 94777-4229,carlosgalego26@gmail.com,SP,São Paulo,,Autônomo ,R$3.001-a-R$6.000,Sim,Não-sou-casado(a),Entendo q é um lugar de aprendizado e de crescimento uniforme com todos se ajudando em tudo q se faça necessário e caminhando pelo certo.,foi iniciado na loja do jeferson GOBE. repasse financeiro feito a masonhub 30/6,2026-07-02 18:30:00,agnton@masonhub.com.br,2026-06-10,,Carlos Henrique Dos Santos Viana Galego,5511947774229,5511947774229
38,ANDRE JOSE CANA,,Reprovado,,713.528.151-92,(11) 94867-5446,andrec1128@gmail.com,SP,São Paulo,,Engenharia Geologica,R$3.001-a-R$6.000,Sim,Não-sou-casado(a),Entendo que é uma organização que se apoia entre seus membros e tem grande conhecimentos. ,ctt realizado agendou para osasco loja gersom porem desistiu do processo problemas pessoais.,2026-06-20 18:17:00,agnton@masonhub.com.br,2026-06-10,,Andre Jose Cana,5511948675446,5511948675446
19,Vagner Do Nascimento Pedro,,Reprovado,,326.475.138-05,(11) 97051-5112,reformasdecoracao@gmail.com,SP,São Paulo,,Representante de Vendas ,R$6.001-a-R$10.000,Sim,Casado(a).-Minha-esposa(o)-apóia.,"Um local destinado a homens que querem vencer, Abdicar de seu tempo em prol da ajuda mútua a irmãos de religião! Muito reservado por Sinal, porém um local de muita fé e prosperidade!?",ctt feito passado pro luran porem o candidato nao atende para marcar entrevista feito ctt 5x sem retorno e sem sucesso.01/7/26,2026-07-02 18:35:00,agnton@masonhub.com.br,2026-06-10,,Vagner Do Nascimento Pedro,5511970515112,5511970515112
15,Rafael Expedito Moreira Storolli,casa verde,Reprovado,,513.462.838-69,(11) 95069-4017,rafael04expedito@gmail.com,SP,São Paulo,,Programador e Gestor de automações,R$3.001-a-R$6.000,Não,Não-sou-casado(a),"Tenho para mim que a maçonaria é a porta do conhecimento e o domínio espiritual. Aprecio demais a história que construiu as colunas da maçonaria e parte do meu propósito é aprender, contribuir e servir para com as missões da fraternidade.","Tom/ feito ctt zap preencheu a ficha no forms,e não atende tel. nem watts.feito ctt 5x se retorno.",2026-07-02 19:24:00,agnton@masonhub.com.br,2026-06-10,gerson osasco,Rafael Expedito Moreira Storolli,5511950694017,5511950694017
567,Diego,Angélica,Contato realizado,,39800197800,11 98117-1167,diegoangelica0124@gmail.com,SP,São Paulo,Jardim Da Conquista,Prestador De Serviços De Segurança Privada,R$3.001-a-R$6.000,Sim,Casado(a).-Minha-esposa(o)-apóia.,Para Obter o Verdadeiro Conhecimento .,,2026-07-21 16:10:00,gerson@masonhub.com.br,2026-07-04,,Diego,5511981171167,5511981171167
247,Alex Sandro Silva Lima,,Contato realizado,,187.004.318-93,(11) 99006-1258,alexlimassp.187@academy.esaoabsp.edu.br,SP,SÃo Paulo,mooca,Diretor Comercial ,R$3.001-a-R$6.000,Sim,Casado(a).-Minha-esposa(o)-apóia.,Elevação do conhecimento.,ctt feito 21/6. indicado para leo cardi.,2026-06-21 17:29:00,agnton@masonhub.com.br,2026-06-10,,Alex Sandro Silva Lima,5511990061258,5511990061258
466,Odair,Rodrigues,Entrevista agendada,2026-07-22 17:00:00,09461069677,34 99191-1920,odairrosacruz@outlook.com,SP,São Paulo,Parque Santa Madalena,Chefe de Cozinha,R$1.500-a-R$3.000,Sim,Casado(a).-Minha-esposa(o)-apóia.,"Fé, Caridade,Espereça",,2026-07-21 21:37:00,gerson@masonhub.com.br,2026-06-26,,Odair,5534991911920,5534991911920
314,Roger tozetti de araujo,,Contato realizado,,361.837.298-17,(11) 94899-3134,rogersompesado@gmail.com,SP,São Paulo ,,Empresário ,R$6.001-a-R$10.000,Sim,Casado(a).-Minha-esposa(o)-apóia.,"Não tenho muito conhecimento na maçonaria,porém tenho visto bastante sobre,não minhas redes sociais,e me despertou um interesse em me aprofundar mais.",passado pro bin. 20/6 loja do ipiranga.ctt feito dia 02/7/26. o mesmo esta hospitalizado assim que sair fara ctt.,2026-07-02 19:32:00,agnton@masonhub.com.br,2026-06-10,,Roger Tozetti De Araujo,5511948993134,5511948993134
273,David Andrade Santos,,Reprovado,,037.560.135-02,(11) 95200-9730,ddavid.andrade@gmail.com,SP,São Paulo ,,Médico Veterinário,R$3.001-a-R$6.000,Sim,Não-sou-casado(a),"A maçonaria é uma organização fraternal iniciática que existe há séculos e reúne pessoas em torno de princípios como desenvolvimento moral, ética, filantropia, liberdade de pensamento e aperfeiçoamento pessoal.",ctt feito 5 x retornou 1x passado pro luran glub. disse nao responder mais.21/6/26.ctt feito 4x sem sucesso.01/7/26.,2026-07-02 18:42:00,agnton@masonhub.com.br,2026-06-10,,David Andrade Santos,5511952009730,5511952009730
226,Emanuel jailson Martins da Silva ,,Contato realizado,,569.004.238-25,(55) 11999-9877,emanuelmartins5148@gmail.com,SP,São Paulo ,,Eletricista ,R$3.001-a-R$6.000,Sim,Não-sou-casado(a),,ctt feito porem o numero esta errado. 21/6,2026-06-21 17:32:00,agnton@masonhub.com.br,2026-06-10,,Emanuel Jailson Martins Da Silva,5555119999877,5555119999877
198,Anderson Espíndola ,,Contato realizado,,170.873.348-59,(11) 94039-4500,andetsonespindola1635@gmail.com,SP,São Paulo ,,Coordenador logistica,R$1.500-a-R$3.000,Sim,Não-sou-casado(a),Sempre sonhei em entrar pra ordem ,ctt feito 9 x spor watts e por ligaçao sem sucesso.,2026-06-20 21:23:00,agnton@masonhub.com.br,2026-06-10,,Anderson Espíndola,5511940394500,5511940394500
80,Gabriel Azevedo ,,Contato realizado,,319.656.908-07,(11) 98185-5892,pmgg2211@gmail.com,SP,São Paulo ,,Empresário ,R$6.001-a-R$10.000,Sim,Casado(a).-Minha-esposa(o)-não-apóia.,Confraria entre irmãos ,ct feito pelo watts,2026-06-20 18:46:00,agnton@masonhub.com.br,2026-06-10,,Gabriel Azevedo,5511981855892,5511981855892
59,Thiago Barros Teixeira da Cruz ,,Contato realizado,,333.533.708-54,(11) 96866-9299,thyagodavruz@gmail.com,SP,São Paulo ,,Comerciante ,Acima-de-R$10.000,Sim,Casado(a).-Minha-esposa(o)-apóia.,,ctt feito por 3x nao atende ligação e zap.,2026-06-19 00:12:00,agnton@masonhub.com.br,2026-06-10,,Thiago Barros Teixeira Da Cruz,5511968669299,5511968669299
415,Pedro Pereira dos,Santos,Contato realizado,,35892882886,19 98169-4116,pedropereirasantos009@gmail.com,SP,São Sebastião da grama,centro,sucateiro,R$1.500-a-R$3.000,Não,Não-sou-casado(a),Uma religião que ajuda,,2026-07-30 18:41:00,gerson@masonhub.com.br,2026-06-17,,Pedro Pereira Dos,5519981694116,5519981694116
406,Rodrigo Campos de Souza,Souza,Contato realizado,,11349-050,13 99769-0293,souzarodrigosouza490@gmail.com,SP,sao vicente,humaita,vigilante,R$3.001-a-R$6.000,Sim,Não-sou-casado(a),Ser um de bons costumes,,2026-07-30 18:41:00,gerson@masonhub.com.br,2026-06-17,,Rodrigo Campos De Souza,5513997690293,5513997690293
387,Denis,Vieira,Contato realizado,,samuraydenis@gmail.com,13 99699-1704,samuraydenis@gmail.com,SP,São Vicente,cidade náutica,samuraydenis@gmail.com,R$1.500-a-R$3.000,Sim,Casado(a).-Minha-esposa(o)-apóia.,Não conheço nada somente histórias e histórias somente sabe qm as vive! Então não sei quero e vivê-la.,,2026-07-30 18:42:00,gerson@masonhub.com.br,2026-06-16,,Denis,5513996991704,5513996991704
111,Edivan Barbosa dos Santos ,,Contato realizado,,108.401.078-03,(13) 99672-4571,martinsedivan81@gmail.com,SP,São Vicente ,,Motorista ,R$3.001-a-R$6.000,Sim,Não-sou-casado(a),Apenas uma organização de aprendizado mútuo onde todos são iguais ,,2026-07-30 18:45:00,gerson@masonhub.com.br,2026-06-10,,Edivan Barbosa Dos Santos,5513996724571,5513996724571
366,LEONE SANTOS SIMOES,LEONE SANTOS SIMOES,Contato realizado,,leone.moby@gmail.com,11 95636-7502,leone.moby@gmail.com,SP,sãobernardodocampo,montanhao,leone.moby@gmail.com,R$3.001-a-R$6.000,Sim,Não-sou-casado(a),Ser um ser humano melhor e adquirir conhecimento,,2026-07-30 18:42:00,gerson@masonhub.com.br,2026-06-13,,Leone Santos Simoes,5511956367502,5511956367502
662,Diego,Chevalier,Contato realizado,,21635708869,11 96305-7663,innovaengenhariasp@hotmail.com,SP,SãoPaulo,jardim SãoCarlos,empresário,R$3.001-a-R$6.000,Sim,Não-sou-casado(a),Construção de Homens,,2026-08-07 19:18:00,gerson@masonhub.com.br,2026-08-01,,Diego,5511963057663,5511963057663
573,Reginaldo Vieira freire,Vieira,Contato realizado,,116.788.508-29,73 98137-4734,freiretam@gmail.com,SP,SãoPaulo,parque Bristol,pedreiroautônomo,R$3.001-a-R$6.000,Sim,Não-sou-casado(a),Não conheço nada ainda,,2026-07-21 16:06:00,gerson@masonhub.com.br,2026-07-05,,Reginaldo Vieira Freire,5573981374734,5573981374734
653,Isabelli,Ferreira,Novo,,44530279820,13 99128-6115,dionisiomarrian26@gmail.com,SP,SãoVicente,Jardim riobranco,Recepcionista,R$1.500-a-R$3.000,Sim,Não-sou-casado(a),"Não conheço nada, só histórias contadas por pessoas ! Mais gostaria de conhecer a fundo.",,2026-07-30 18:33:00,masonhub.app@gmail.com,2026-07-30,,Isabelli,5513991286115,5513991286115
289,Valdenur Gomes cezario,sorocaba,Contato realizado,,280.171.878-58,(12) 99211-2551,valdenur35@gmail.com,SP,Sorocaba,,Autonomo,Acima-de-R$10.000,Sim,Não-sou-casado(a),Ainda não conheco,vai falar com esposa retorno dia 20/06 feito novo ctt 02/7/26 aguardando falar com esposa. ctt feito 02/7/26. o mesmo vai viajar e sem data p/ retorno.. entrara em ctt.,2026-07-02 19:29:00,agnton@masonhub.com.br,2026-06-10,,Valdenur Gomes Cezario,5512992112551,5512992112551
615,Habby,Simão,Contato realizado,,01249798960,15 99740-3347,xdvariedades@icloud.com,SP,sorocaba,centro,comerciante,R$6.001-a-R$10.000,Sim,Casado(a).-Minha-esposa(o)-apóia.,Entendo que é uma irmandade global,,2026-07-21 15:50:00,gerson@masonhub.com.br,2026-07-21,,Habby,5515997403347,5515997403347
612,Marcus,Vinicius,Aprovado 1 Fase,2026-07-21 12:00:00,41097759814,15 98149-4341,marcus2022v@gmail.com,SP,sorocaba,jardim nova esperaça,operador de producao 1,R$3.001-a-R$6.000,Sim,Não-sou-casado(a),Conhecimento e desenvolvimento filósofo,,2026-07-21 15:54:00,gerson@masonhub.com.br,2026-07-19,,Marcus,5515981494341,5515981494341
222,Bruno Cesar Gomes dos Santos ,,Reprovado,,415.453.588-93,(15) 99283-0709,brunomajuzaira@gmail.com,SP,Sorocaba ,,,R$3.001-a-R$6.000,Sim,Não-sou-casado(a),Pouco,"ctt feito o mesmo nao quer mais,questoes religiosas.",2026-07-02 19:21:00,agnton@masonhub.com.br,2026-06-10,,Bruno Cesar Gomes Dos Santos,5515992830709,5515992830709
26,André Gomes pereira,,Contato realizado,,809.197.401-97,(19) 99873-1393,andregomespere@gmail.com,SP,Sumare,,Empresario,R$6.001-a-R$10.000,Sim,Casado(a).-Minha-esposa(o)-apóia.,uma organização fraternal tem como princípio básico o amor...,,2026-07-30 18:46:00,gerson@masonhub.com.br,2026-06-10,,André Gomes Pereira,5519998731393,5519998731393
584,Bruno Nunes Ferreira,Bruno Nunes Ferreira,Aprovado 1 Fase,2026-07-21 14:00:00,398.860.588-38,11 91304-8381,brunonunesferreira032@gmail.com,SP,suzano,sao jose,Vigilante patrimonial,R$1.500-a-R$3.000,Sim,Casado(a).-Minha-esposa(o)-apóia.,"Conheço pouco , gostaria de uma oportunidade para irmandade em alguma loja",,2026-07-21 15:54:00,gerson@masonhub.com.br,2026-07-06,,Bruno Nunes Ferreira,5511913048381,5511913048381
570,Luiz Fernando,Rufino,Contato realizado,,37983681801,14 98100-7914,luizfernandorufino887@gmail.com,SP,taguaí,romano,pedreiro,R$1.500-a-R$3.000,Sim,Casado(a).-Minha-esposa(o)-apóia.,"Que é uma irmandade, que visa os bons princípios e costumes",,2026-07-21 21:58:00,gerson@masonhub.com.br,2026-07-04,,Luiz Fernando,5514981007914,5514981007914
348,Wembley,Wesley,Contato realizado,,wembleywesleysantos@gmail.com,12981397579,wembleywesleysantos@gmail.com,SP,Taubaté,vila.bela,zelador,R$1.500-a-R$3.000,Sim,Casado(a).-Minha-esposa(o)-apóia.,Quero ter experiência novo conhecer grupo ter bom relacionamento prospera,,2026-07-30 18:43:00,gerson@masonhub.com.br,2026-06-12,,Wembley,5512981397579,5512981397579
575,Phillip,Gelatti,Contato realizado,,36975421846,12 99126-9190,phillipadm@hotmail.com,SP,Ubatuba,Praia Grande,Empresario,Acima-de-R$10.000,Sim,Não-sou-casado(a),"Imagino que seja uma fraternidade onde as pessoas cuidam umas das outras, valorizando o caráter, incentivando a evolução pessoal e ajudando cada irmão a se autoanalisar para se tornar alguém melhor a cada dia._x000D_
Um amigo meu, chamado Vagner, que é policial, sempre me dizia que o sonho dele era fazer parte dessa fraternidade, justamente pelos princípios e pelas regras que defendem, não aceitando pessoas que insistem em agir de forma desonesta ou contrária aos seus valores. Ouvir isso dele sempre despertava algo em mim e fazia crescer a vontade de conhecer melhor essa instituição e os ideais que ela representa.",,2026-07-21 20:29:00,gerson@masonhub.com.br,2026-07-05,,Phillip,5512991269190,5512991269190
572,Flavio Henrique,Carvalho,Entrevista agendada,2026-07-22 20:00:00,42373949806,'+55 12 99103-3412,flavio1820@gmail.com,SP,Ubatuba,Sesmarias,Vendedor,R$3.001-a-R$6.000,Sim,Não-sou-casado(a),É um grupo que te ajuda a conseguir trabalho e os negócios prosperarem,,2026-07-21 21:47:00,gerson@masonhub.com.br,2026-07-05,,Flavio Henrique,5512991033412,5512991033412
571,Flávio Henrique,Carvalho,Contato realizado,,flavio1820@gmail.com,'+55 12 99103-3412,flavio1820@gmail.com,SP,Ubatuba,Sesmarias,flavio1820@gmail.com,R$3.001-a-R$6.000,Sim,Não-sou-casado(a),É uma grupo que se ajuda a conseguir trabalho e prosperar nos negócios,,2026-07-30 18:40:00,gerson@masonhub.com.br,2026-07-05,,Flávio Henrique,5512991033412,5512991033412
658,Vilma Azevedo,Vilma Azevedo,Novo,,33433039844,17 99131-6724,vilma.azevedo.2027@gmail.com,SP,valentim gentil,fazenda ype,construtor,R$3.001-a-R$6.000,Sim,Não-sou-casado(a),Conheço pouco da maçonaria e tenho conhecidos que são macon  e são pessoas maravilhosas de ótimo caráter e de grande prestígio na sociedade e gostaria bser mais um como vcs,,2026-07-31 22:31:00,masonhub.app@gmail.com,2026-07-31,,Vilma Azevedo,5517991316724,5517991316724
428,IGOR CRISTOVAO BRUNO,IGOR CRISTOVAO BRUNO,Contato realizado,,bigor0374@gmail.com,19 99228-2364,bigor0374@gmail.com,SP,valinhos,cecape,bigor0374@gmail.com,R$1.500-a-R$3.000,Sim,Não-sou-casado(a),Não muito quero poder entender como e a maçonaria,,2026-07-30 18:41:00,gerson@masonhub.com.br,2026-06-18,,Igor Cristovao Bruno,5519992282364,5519992282364
698,Daniel,Araujo,Novo,,57551968857,19 99382-2782,danielaraujoh2006@gmail.com,SP,Valinhos,Jardim do Lago,Operador de Produção,R$3.001-a-R$6.000,Sim,Casado(a).-Minha-esposa(o)-apóia.,"Entendo que é uma fraternidade constituída por membros que, de maneira conjunta estão buscando cada vez mais, tornar-se um homem melhor, e mais completo; aprendendo a lidar com as adversidades da vida com o poder da mente.",,2026-09-02 06:34:00,masonhub.app@gmail.com,2026-09-02,,Daniel,5519993822782,5519993822782
184,Adilson Fernando Farias,,Contato realizado,,255.234.838-69,(19) 99388-1352,fariasadilsonfernando50@gmail.com,SP,Vargem Grande do Sul,,Aposentado ,R$1.500-a-R$3.000,Sim,Não-sou-casado(a),Não sei nada apenas sei que é uma irmandade organização pra melhorar o futuro ,,2026-07-30 18:44:00,gerson@masonhub.com.br,2026-06-10,,Adilson Fernando Farias,5519993881352,5519993881352
596,Márcio,Ferreira da silva,Contato realizado,,165.836.108_33,011 95444-0182,marciof30@terra.com.br,SP,vargem grande paulista,lagoa,empresario,Acima-de-R$10.000,Sim,Casado(a).-Minha-esposa(o)-apóia.,Eu entendo como uma formação de homens.,,2026-07-21 01:09:00,gerson@masonhub.com.br,2026-07-12,,Márcio,5511954440182,5511954440182
685,Francisco,R. Lima,Novo,,788.134.257-91,15 99665-4436,francklima147@gmail.com,SP,Votorantim,jardim das colinas,Empresario,Acima-de-R$10.000,Sim,Casado(a).-Minha-esposa(o)-apóia.,É uma ordem que ensina o homem a ser  cumpridores do seu dever  .,,2026-08-15 20:56:00,masonhub.app@gmail.com,2026-08-15,,Francisco,5515996654436,5515996654436
135,Said zaidan ,sorocaba,Reprovado,,152.433.588-60,(15) 99152-2711,saidzaidanjr@gmail.com,SP,Votorantim ,,Empresario,R$6.001-a-R$10.000,Sim,Casado(a).-Minha-esposa(o)-não-apóia.,Um grupo de homens q se organizaram para fazer o bem e viver uma comunidade . ,feito ctt.porem o mesmo esta sem dinheiro bin ja atendeu o mesmo,2026-06-20 21:20:00,agnton@masonhub.com.br,2026-06-10,,Said Zaidan,5515991522711,5515991522711
284,Carla Zanforlin,,Contato realizado,,311.240.298-77,(17) 98215-0572,carlazanforlin8@gmail.com,SP,VOTUPORANGA,,Cozinheira ,R$1.500-a-R$3.000,Sim,Não-sou-casado(a),,,2026-07-30 18:44:00,gerson@masonhub.com.br,2026-06-10,,Carla Zanforlin,5517982150572,5517982150572
331,yago de,oliveira,Contato realizado,,47697330890,yagooliveirasantos7413@gmail.com,yagooliveirasantos7413@gmail.com,SP,yagooliveirasantos7413@gmail.com,yagooliveirasantos7413@gmail.com,yagooliveirasantos7413@gmail.com,R$3.001-a-R$6.000,Sim,Casado(a).-Minha-esposa(o)-apóia.,Um lugar de aperfeiçoamento da ética e moral do homem,,2026-07-30 18:43:00,gerson@masonhub.com.br,2026-06-10,,Yago De,7413,7413
655,Valter,Dunda da Silva,Novo,,79928528187,63 99311-5377,valter.dunda22@gmail.com,TO,Cristalandia,Centro,Vendedor,R$1.500-a-R$3.000,Sim,Casado(a).-Minha-esposa(o)-apóia.,"Uma ceita, com ordens e disciplinas distintas",,2026-07-31 16:34:00,masonhub.app@gmail.com,2026-07-31,,Valter,5563993115377,5563993115377
318,Washington Lopes Guimarães ,,Novo,,033.517.381-02,(63) 99115-1837,washingtonzapzapq@gmail.com,TO,Gurupi ,,Vaqueiro ,R$1.500-a-R$3.000,Sim,Casado(a).-Minha-esposa(o)-apóia.,,,2026-06-10 14:43:00,masonhub.app@gmail.com,2026-06-10,,Washington Lopes Guimarães,5563991151837,5563991151837
661,Manoel,Neto,Novo,,10726520489,82 99992-8177,manoelsn15@hotmail.com,AL,maceio,jatiuca,bancario,Acima-de-R$10.000,Sim,Não-sou-casado(a),Escola de moral,,2026-08-01 17:29:00,masonhub.app@gmail.com,2026-08-01,,Manoel,5582999928177,5582999928177
701,Anthony,Santana Souza,Novo,,95259910591,'+55 71 99658-1878,anthonysantana12@iutlook.com,AL,São Miguel dos Campos,santanaanthony967@gmail.com,santanaanthony967@gmail.com,R$3.001-a-R$6.000,Sim,Casado(a).-Minha-esposa(o)-apóia.,Entendo que é um trabalho de melhoria humana.,,2026-09-03 01:16:00,masonhub.app@gmail.com,2026-09-03,,Anthony,5571996581878,5571996581878
